LOCAL AGENTS,Date,Agent
"Cincinnati,OH,W W,Watson,A M,Sumner,W M,Yancy",02-21-1844,local
"Hamilton,OH,J,Simpson",02-21-1844,local
"Dayton, OH,T,Jefferson",02-21-1844,local
"Springfield,oh,W,Piles,R,Piles",02-21-1844,local
"Urbana,OH,L,Adams,A,Kane.",02-21-1844,local
"Chillicothe,OH,R W,Chanceller,James,Leach",02-21-1844,local
"U Moody,OH,C H,Langston,J,Burnett",02-21-1844,local
"Circleville,OH,W,Scott",02-21-1844,local
"Lancaster,OH,S,Smith,N,Smith",02-21-1844,local
"Zancsville,OH,B,Messer,H Nusum,W Gasaway",02-21-1844,local
"Hillshoro,OH,J, Tailor, N, Tailor",02-21-1844,local
"Steubenville,oh, W, Ferris",02-21-1844,local
"Newark,oh,W, Jenkins,H Robinson",02-21-1844,local
"Cleveland,oh,J, Malvin, J L, Watson, R D, Kenney",02-21-1844,local
"Dublin,oh,S, White Jr",02-21-1844,local
"Xenia,oh,W, Roberts.",02-21-1844,local
"Logan County,oh,K, Artis,Sen. K, Artis Jr",02-21-1844,local
"Mt. Veron, oh, O, Martin",02-21-1844,local
"Trenton,oh,J, Simpson",02-21-1844,local
"Mt. Pleasant,oh,Elijah, Sawyer",02-21-1844,local
"Warren,oh,A, Moore",02-21-1844,local
"Gallipolis,oh,H, Bell, J, Gee",02-21-1844,local
"Jackson,oh,N, Nukes, T, Woodson",02-21-1844,local
"Lebanon,oh,T, Benford",02-21-1844,local
"Massillon,oh,J, Thompson",02-21-1844,local
"Barnesville,oh,A, Harper",02-21-1844,local
"Oberlin,oh,A, Jones, W P, Newman",02-21-1844,local
"Lower Sandusky,oh,A Winfield",02-21-1844,local
"Lockburne,E C, Tyner",02-21-1844,local
"Morgan County,oh,Lloyd E, Guy",02-21-1844,local
"Putnum,oh,J, Thomas,",02-21-1844,local
"New York City,C B Ray, TS Wright.",02-21-1844,local
"Troy, N Y,H H Garnett.",02-21-1844,local
"Utica, N YY,T’ Woodson, J Fontain,",02-21-1844,local
"Geneva, N Y,J W Duffin.",02-21-1844,local
"Rochester N Y,J Sharp.",02-21-1844,local
"Batavia N Y,W Johnson.",02-21-1844,local
"Brockport N Y,A Peck,",02-21-1844,local
"Lockport, N Y,A Outley. s",02-21-1844,local
"Buffalo, N Y,W W Brown, A I Francis.",02-21-1844,local
"Boston, Mass.,J T Wilton.",02-21-1844,local
"Pittsburgh, Pa.,J B Vashon.",02-21-1844,local
"Madison Ia.,A Duncan.",02-21-1844,local
"Indianopolis, Ia.,J G Bretton.",02-21-1844,local
"Detroit, Mich.,R Banks, W C Monroe.",02-21-1844,local
"Piketon,W Evans,",02-21-1844,local
"Richmond, Ross co.,C Oston, .",02-21-1844,local
"Sharonville,D Lucus, C Smith, W Polson:",02-21-1844,local
"Cincinnati, Rev. C, Satchel, Rev. M. M_Clatk.",02-21-1844,traveling
Springfield. Kev. T. Roberts.,02-21-1844,traveling
"Zanesville, Rev. Geo. Coleman.",02-21-1844,traveling
"Wardina, Rev. E. Cumberland, Rev. Tox.",02-21-1844,traveling
"Xenia. Rev. D. Winslow,",02-21-1844,traveling
"Logan ce, Rev. M T. Nusum,",02-21-1844,traveling
Humiltgn. Rev. W. C Yancy.,02-21-1844,traveling
Massillon. Rev. J. Thomas.,02-21-1844,traveling
"Columbus. Rev. W, Shelton, Rev. T. Lawrence.",02-21-1844,traveling
"Mt, Pleasant, Rev. W..Numan. we",02-21-1844,traveling
"Jackson co, Rey. 'T’. Woodson.",02-21-1844,traveling
"Cincinnati—W W Watson, A M Sumner,W M Yancy.",02-28-1844,local
"Hamilton, Butler co.—J Simpson.",02-28-1844,local
"Dayton, O..—T. Jefferson,",02-28-1844,local
"Spring ficld=—-\W. Piles, R. Piles.",02-28-1844,local
"Urbana~—L Adams, A Kane.",02-28-1844,local
"Chillicothe—lKk W Chanceller, James Leach,",02-28-1844,local
"U Moody, C H Langston, J Burnett.",02-28-1844,local
Circleville—W Scott. —,02-28-1844,local
Eancaster-—-S Smith N Smith.,02-28-1844,local
"Zanesville—B Messer, LL Nusum, W Gasaway.",02-28-1844,local
"Hillsboro—J Tailor, N ‘Tailor.",02-28-1844,local
Steubenville—W Ferris.,02-28-1844,local
"Newark—W Jenkins, H Robinson,",02-28-1844,local
"Clevelund—J Malvin, J L Watson, R D Kenney.",02-28-1844,local
"Dublin—S White, jr.",02-28-1844,local
Xenia--W Roberts.,02-28-1844,local
"Logan County--K Artis, sen. K Artis, jr.",02-28-1844,local
Mt. Vergon—Q Martin.,02-28-1844,local
Trenton Jeffison co.—J Simpson.,02-28-1844,local
Mt. Pleasant--Elijah Sawyer!,02-28-1844,local
‘Warrcen—A Moore.,02-28-1844,local
"Gallipolis—I1 Bell, J Gee,",02-28-1844,local
"Jackson—N Nukes, T Woodson.",02-28-1844,local
"Lebanon—T Benford,",02-28-1844,local
Massillon—J Thompson.,02-28-1844,local
Barnesville—A Ilarper. — =,02-28-1844,local
"Oberlin—A Jones, W P Newman,",02-28-1844,local
Lower Sandusky—A Winfield.,02-28-1844,local
Lockburne--E C ‘Tyner.,02-28-1844,local
Morgan county—Lloyd E Guy.,02-28-1844,local
Putnum—J Thomas. 4,02-28-1844,local
"New York City—C B Ray, TS Wright.",02-28-1844,local
"Troy, N Y—tl Hf Garnett,",02-28-1844,local
"Utica, N Y--T’ Woodson, J Fountain,",02-28-1844,local
"Geneva, N Y—J W Duffin.",02-28-1844,local
"Rochester N Y--J Sharp,",02-28-1844,local
Batavia N Y—W Johnson.,02-28-1844,local
"Brockport N Y—A. Pech,",02-28-1844,local
"Lockport, N Y—A Outluy.",02-28-1844,local
"Buffalo, N Y—W W Brown, A II Francis",02-28-1844,local
"Boston, Mass.--J T Wilton.",02-28-1844,local
"Pittsburg, Puz—} B Vashoo:",02-28-1844,local
"(Madison Ia.—A Duncan,",02-28-1844,local
"Indianopolis, Ia.—J G Bretton.",02-28-1844,local
"Detroit, Mick.--R Banks, WC Monroe.",02-28-1844,local
"| Piketon=-W Evans,",02-28-1844,local
"| Richmond, Ross co.—C Oston,",02-28-1844,local
"Sharonville--D Lucus, C Smith, W Polson..",02-28-1844,local
"Cincinnali, Rev. C, Satchel, Rey. M. M.Clark.",02-28-1844,traveling
Springfield. Rev. T. Roberts. °,02-28-1844,traveling
"Zanesville, Rev. Geo. Coleman.",02-28-1844,traveling
"wardina, Rev. E, Cumberland, Rev. I’ox..",02-28-1844,traveling
"Xenia. Rev. D, Winslow.",02-28-1844,traveling
"Logan ce, Rev. MT’. Nusum,",02-28-1844,traveling
"Himilton, Rev. W. C Yancy,",02-28-1844,traveling
Massillon. Rev. J. ‘Thomas.,02-28-1844,traveling
"Columbus. Rev. W. Shelton, Rev. T.. Lawrence.",02-28-1844,traveling
"Mt, Pleasant, Rey. W. Numan.",02-28-1844,traveling
"Jackson co, Rev. ‘I’. Woodson.",02-28-1844,traveling
"Cincinnati—W W Watson, A M Sumner, WH Yancy.",03-20-1844,local
"Hamilton, Butler co.—H Simpson.",03-20-1844,local
"Dayton, O..—T. Jefferson.",03-20-1844,local
"Spring field—W. Piles, R. Piles,",03-20-1844,local
"Urbana--L, Adams, A Kane. .",03-20-1844,local
"Chillicothe—K W Chanceller, James Leach,",03-20-1844,local
"U Moody, C H Langston, J Burnett.",03-20-1844,local
Cireleville—W Scott.,03-20-1844,local
"| Lancaster—S Smith N Smith, Rev. I, Martin",03-20-1844,local
"Zanesville—B Messer, 1 Nusum, W Gasaway",03-20-1844,local
"Hillshoro—J Tailor, N ‘Tailor.",03-20-1844,local
| Steubenville—W Ferris.,03-20-1844,local
"Newark—W Jenkins, H Robinson,",03-20-1844,local
"Cleveland— J Malvin, J L Watson, R D Kenney.",03-20-1844,local
"Dublin—S White, jr.",03-20-1844,local
"Xenia——-W Roberts,",03-20-1844,local
"Logan County--K Artis, sen. K Attia, jr.",03-20-1844,local
Mt. Vernon—O Martin.,03-20-1844,local
Trenton Jefferson co.—J Simpson.,03-20-1844,local
Pat. Pleasant--Elijah Sawyer.,03-20-1844,local
Warren—A re.,03-20-1844,local
"Gallipolis—I1"" Bell, J Gee,",03-20-1844,local
"Jackson—N Nukes, T Woodson.",03-20-1844,local
Lebanon—T Benford.,03-20-1844,local
Massillon—J 3 Thompson.,03-20-1844,local
Barnesville—A Harper.,03-20-1844,local
"Oberlin—A Jones, W P Newman,",03-20-1844,local
Lower Sandusky—A Winfield.,03-20-1844,local
Fockburne-~E C ‘lyner.,03-20-1844,local
Morgan county—\\oyd E Guy.,03-20-1844,local
Putnum—J ‘Thomas.,03-20-1844,local
"Terrehaute Ia—E, Roy.",03-20-1844,local
Lafayette Ia.— 8 B Webster.,03-20-1844,local
Granville O. 'T Wa'ker.,03-20-1844,local
"|New York City—C B Ray, TS Wright.",03-20-1844,local
"Troy, N ¥Y—1l H Garnett.",03-20-1844,local
"Utica, N Y--T Woodson, J Fontain,",03-20-1844,local
"Gegeva, N ¥—J W Duffin.",03-20-1844,local
Rochester N Y--J Sharp.,03-20-1844,local
Batavia N Y—W Johnson.,03-20-1844,local
Brockport N Y—A Peck.,03-20-1844,local
"Lockport, N ¥Y--A Outley,",03-20-1844,local
"Buffalo, N Y—W W Brown, A II Francis.",03-20-1844,local
"Boston, Mass.--J T Wilton.",03-20-1844,local
"Pittsburgh, Pa.—J B Vashoo.",03-20-1844,local
Madison la.—A Duncan.,03-20-1844,local
"Indianopolis, Ia.—J G Bretton.",03-20-1844,local
"Detroit, Mich.--R Banks, W C Monroe.",03-20-1844,local
Piketon--W Evans.,03-20-1844,local
"Richmond, Ross co.—C Oston, “",03-20-1844,local
"Sharonvillc~-D Lucus, C Smith, W Polson.",03-20-1844,local
"Miami ca, 'T, Anderson, R. Smith.",03-20-1844,local
"Vamrertco. U, Taylor.",03-20-1844,local
"Shelby co. J, Robe r'son.",03-20-1844,local
"Lagan co. D. D. Day,",03-20-1844,local
Champaign co 1). Lancatter.,03-20-1844,local
"Crawford co. A, Allen.",03-20-1844,local
"Cincinnati, Rev. C, Satchel, Rev. M.M.Clatk.",03-20-1844,traveling
Springfield. Rev. T. Roberts.,03-20-1844,traveling
"Zanesville, Rev. Geo. Coleman.",03-20-1844,traveling
"ardina, Rev. E, Cumberland, Rev. Tox.",03-20-1844,traveling
"Xenia. Rev. D, Winslow,",03-20-1844,traveling
"Logan ce, Rev. M TT’. Nusum.",03-20-1844,traveling
‘Hamilton. Rev. W. C Yancy.,03-20-1844,traveling
Massillon. Rev. J. Thomas.,03-20-1844,traveling
"Columbus. Rev. W, Shelton, Rev. T. Lawence.",03-20-1844,traveling
"Mt, Pleasant. Rev. W. Newmon.",03-20-1844,traveling
"Jackson co, Rev. T. Woodson.",03-20-1844,traveling
"Butler co. J. UW. ¥ancy, 8. Jones,",03-20-1844,traveling
LOCAL AGENTS. ,,
"Cincinnati—W W Watson, A M Sumner,W. Tl Yancy.",03-27-1844,local
"Hamilton, Butler co—H Simpson.",03-27-1844,local
"Dayton, O..—T. Jefferson. _",03-27-1844,local
"Spring field—W. Piles, R. Piles,",03-27-1844,local
"Urbana--L Adams, A Kane.",03-27-1844,local
"Chillicothe—R W Chanceller, James Leach,",03-27-1844,local
"U Moody, C H Langston, J Burnett.",03-27-1844,local
Circleville—W Scott.,03-27-1844,local
"Lancaster—S Smith N Smith, Rev. lL. Martin",03-27-1844,local
"Zanesville—B Messer, 1 Nusum, W Gasaway",03-27-1844,local
"Hiilsboro—J Tailor, N Tailor.",03-27-1844,local
Steubenrille—W Ferris.,03-27-1844,local
"Newark—W Jenkins, 1] Robinson, 7",03-27-1844,local
"Clercland—J Malvin, J L Watson, R D Kenney.",03-27-1844,local
"Dublin—S White, jr",03-27-1844,local
Nenia—-W Roberts.,03-27-1844,local
"Logan County--K Artis, sen. K Artis, jr.",03-27-1844,local
Mt. Vernon—O Martin.,03-27-1844,local
glrenton Jefferson co.—J Simpson.,03-27-1844,local
Mt. Pleasant--Ejjah Sawyer.,03-27-1844,local
Warren—A M@6re.,03-27-1844,local
"Gallipolis—li Bell, J Gee,",03-27-1844,local
"Jackson—N Nukes, T Woodson,",03-27-1844,local
Lebanon—T Benford.,03-27-1844,local
AMassillon—J S Thompson.,03-27-1844,local
Barnesville—A Harper.,03-27-1844,local
"Oberlin—A Jones, W P Newman,",03-27-1844,local
Lower Sandusky—A Winfield.,03-27-1844,local
Tockburne-—E C ‘Tyner.,03-27-1844,local
Morgan ‘county—}.\oyd E Guy.,03-27-1844,local
Putnum—J Vhomas.,03-27-1844,local
"Terrchaute Ila—E, Roy.",03-27-1844,local
Lafayette Ia.—S B Webster.,03-27-1844,local
Granville O. VT’ Walker.,03-27-1844,local
"New York City—C B Ray, T 8 Wright.",03-27-1844,local
"Troy, N ¥—iU H Garnett.",03-27-1844,local
"Utica, N Y¥--T Woodson, J Fontain,",03-27-1844,local
"Genera, N Y—J W Duffin.",03-27-1844,local
"Rochester N Y--J Sharp,",03-27-1844,local
Batavia N Y—W Jobnaon.,03-27-1844,local
Brockport N Y—A Peck.,03-27-1844,local
"Lockport, N Y—A Outley.",03-27-1844,local
"Buffalo, N Y—W W Brown, A II Francis.",03-27-1844,local
"Boston, Mass.--J T Wilton.",03-27-1844,local
"Pittsburgh, Pa.—J B Vashor.",03-27-1844,local
"Madison la.—A Duncan,",03-27-1844,local
"Indianopolis, Ia.—J G Bretton.",03-27-1844,local
"Detroit, Mich.--R Banks, W C Monroe.",03-27-1844,local
Piketon—-W Evans. ;,03-27-1844,local
"Richmond, Ross co.—C Oaton,",03-27-1844,local
"Sharonville--D Lucus, C Smith, W Polson.",03-27-1844,local
"Miami co, T., Anderson, R. Sinith.",03-27-1844,local
"Vanrertco. 1, Taylor.",03-27-1844,local
"Shelby co. J, Roberison.",03-27-1844,local
"Logan co. D, D. Day,",03-27-1844,local
Champaign co UV. Lancaster.,03-27-1844,local
"Crawford co. A, Allen.",03-27-1844,local
"incinnati, Rev. C, Satchel, Rev. M. :",03-27-1844,traveling
"Springfield. Rev. T. Roberts, Af. BM: Clarke",03-27-1844,traveling
aeaceville Rev. Geo. Coleman.,03-27-1844,traveling
"W“ardina, Rev. E, Cumberland pi .",03-27-1844,traveling
Xenia. Rev. D. Winslow. + Rev. 8. Vox.,03-27-1844,traveling
"Logan ceo, Rev. M 'T’, Nusum,",03-27-1844,traveling
"Hunilton. Rev. W. C Yancy,",03-27-1844,traveling
Massillon. Rev. J. ‘Thomas:,03-27-1844,traveling
"Columbus. Rev. W, Shelton, Rev. T, Lawrence,",03-27-1844,traveling
"Mt, Pleasant. Rey. W. Newmon.",03-27-1844,traveling
"Jackson co, Rev. T. Woodson.",03-27-1844,traveling
"Butler co. 3. U. Yancy, 8. Jones,",03-27-1844,traveling
"Cincinnati—\WV W Watson, A M Sumner,W Hf Yancy,",04-17-1844,local
"Hamilton, Butler co—H Simpson.",04-17-1844,local
"Dayton, O..—T. Jefferson.",04-17-1844,local
"Spring field—-W, Piles, R. Piles.",04-17-1844,local
"Urbanu--L, Adams, A Kane.",04-17-1844,local
"Chillteothe—K W Chanceller, James Leach,",04-17-1844,local
"U Moody, C H Langston, J Burnett.",04-17-1844,local
Circleville—W_ Scvtt. 7 .,04-17-1844,local
"Lancuster—S Smith N Smith, Rev. I. Martin",04-17-1844,local
"Zuncsville—B Messer, 4 Nusum, W Gasaway",04-17-1844,local
"| Millshoro—J ‘Tuilor, N ‘Tailor.",04-17-1844,local
Steubenville—W Ferris.,04-17-1844,local
"| Newark—W Scnkins, H Robinson,",04-17-1844,local
"Cleveland—J Malvin, J L Watsos, R D Kenney.",04-17-1844,local
"“Dublin—S White, jr.",04-17-1844,local
"Xenia--W Roberts,",04-17-1844,local
"Logan County--K Artis, sen, K Artis, jr.",04-17-1844,local
Mt. Vernon--O Martin.,04-17-1844,local
Trenton Jefferson co.—J Simpson.,04-17-1844,local
"Mt. PleasanteElijah Sawyer,",04-17-1844,local
Wurren—AeMvore.,04-17-1844,local
"Gallipolis—Il Bell, J Gee,",04-17-1844,local
"Jackson—N Nukes, T Woodson.",04-17-1844,local
Lebanon—T’ Benford.,04-17-1844,local
Massillon—J 3 Thompson.,04-17-1844,local
Barnesville—A Harper.,04-17-1844,local
"Oberlin—A Jones, W P Newman,",04-17-1844,local
Lower Sundusky—A Winfield. a,04-17-1844,local
Lockburue--E C 'I'yner.,04-17-1844,local
"Morgan county—\loyd E Guy,",04-17-1844,local
Putnum—J ‘Vhomas.,04-17-1844,local
"Terrchaute Ila—E, Roy,",04-17-1844,local
Lafayetie la —S B Wébster.,04-17-1844,local
Granville O. ‘T’ Walker.,04-17-1844,local
"New York City~C B Ray, T 8 Wright.",04-17-1844,local
"Troy, N Y—H Hi Garnett.",04-17-1844,local
"Utica, N Y--T Woodson, J Fontain,",04-17-1844,local
"|Geneva, N Y—J W Duffin.",04-17-1844,local
Rochester N Y--J Sharp.,04-17-1844,local
Batavia N YW Juhneon.,04-17-1844,local
| Brockport N Y—A Peck.,04-17-1844,local
"Lockport, N Y--A Outley.",04-17-1844,local
"Buffalo, N YW W Brown, A II Francis.",04-17-1844,local
"Boston, Mass.--J T Wilton. ‘",04-17-1844,local
"Pittsburgh, Pa.—J B Vashon.",04-17-1844,local
Madison la.—A Duncan.,04-17-1844,local
"Indianopolis, Ta.—J G Bretton.",04-17-1844,local
"Detroit, Mich.--R Banks, W C Monroe.",04-17-1844,local
"Piketon—-W Evans, '",04-17-1844,local
"Richmond, Ross co.—C Oston,",04-17-1844,local
"Sharonville--D Lucus, C Smith, W Polson.",04-17-1844,local
"Miami co, ‘I, Anderson, R. Smith.",04-17-1844,local
"Vanieertco. Ul, Taylor, -",04-17-1844,local
"Shelby co. J, Robertson.",04-17-1844,local
"Logan co. D. D. Day,",04-17-1844,local
Champaign co TD. Lancaster.,04-17-1844,local
"Crawford co. A, Allen. .",04-17-1844,local
"| Cincinnati, Rev. C, Satchel, Rev. M. M Clark.",04-17-1844,traveling
‘Springfield. Rev. T. Roberte.,04-17-1844,traveling
"Zanesville, Rev. Geo. Coleman.",04-17-1844,traveling
"Wardina, Rev. E, Cumberland, Rev. S. Pox.",04-17-1844,traveling
Xenia. Rev. D Winslow.,04-17-1844,traveling
"Logan ce, Rev. M_ T.. Nusum,",04-17-1844,traveling
"Hunilton. Rev. W. C Yancy,",04-17-1844,traveling
Massillon. Rev. J. Thomas.,04-17-1844,traveling
"Columbus. Rev. W, Shelton, Rev. T. Lawrenee.",04-17-1844,traveling
"Mt, Pleasant. Rev. W. Newmon.",04-17-1844,traveling
"Jackson co, Rev. 'T. Woodson.",04-17-1844,traveling
"Butler co. J. . Yancy, S. Jones.",04-17-1844,traveling
"Cincinnati—W W Watson, A M Sumner,“WU Yancy.",04-24-1844,local
"Hamilton, Butler co—H Simpson.",04-24-1844,local
"Dayton, O..—T. Jefferson. ;",04-24-1844,local
"Spring field—W, Piles, R. Piles,",04-24-1844,local
"Urbana--L Adams, A Kane.",04-24-1844,local
"Chillicothe—K W Chanceller, James Leach,",04-24-1844,local
"U Moody, C H Langston, J Burnett.",04-24-1844,local
Circlerille—W Scott. ;,04-24-1844,local
"Lancaster--S Smith N Smith, Rev. I. Martin",04-24-1844,local
"Zanesville—B Messer, Nusum, W Gasaway",04-24-1844,local
"Hillsboro—J Tailor, N Tailor.",04-24-1844,local
Sleubenrille—W. Ferris.,04-24-1844,local
"Newark—W JSenkins, H Robinson,",04-24-1844,local
"Cleveland—J Malvin, J L Watson, RD",04-24-1844,local
Kenney.,04-24-1844,local
"Dublin—S White, jr.",04-24-1844,local
"Neniu--W Roberts,",04-24-1844,local
"Logan County--K Artis, sen, K Artis, jr,",04-24-1844,local
"Mt. Vernon—O Martin. ,",04-24-1844,local
Trenton Jcfferson co.—J Simpson.,04-24-1844,local
Mt. Pleasant--Elijah Sawyer.,04-24-1844,local
PWarren--A Mosre.,04-24-1844,local
"Gallipolis—I1BBell, J Gee, :",04-24-1844,local
"Jackson—N* Nukes, T Woodson,",04-24-1844,local
"Lebanon—'l’ Benford,",04-24-1844,local
Massillon—J S$ ‘Ihompson.,04-24-1844,local
Barnesville—A arper.,04-24-1844,local
"Oberlin—A Jones, WV P Newman.",04-24-1844,local
Lower Sundusky—A Winfield.,04-24-1844,local
Lockburuc--E C Tyner.,04-24-1844,local
Morgan county—\.loyd E Guy.,04-24-1844,local
Putaum—J 'Vhomas. :,04-24-1844,local
"Terrchaute lak, Ray,",04-24-1844,local
Lafayette Ia— 8 B Webster.,04-24-1844,local
Granville O. ‘I’ Waker. 4,04-24-1844,local
"Vew York City—C B Ray, TS Wright",04-24-1844,local
"Troy, N ¥—11 Garnett.",04-24-1844,local
"Utica, N Y--T Woodson, J Fountain,",04-24-1844,local
"Genera, N Y—J W Dufiin.",04-24-1844,local
Rochester N Y-.J Sharp.,04-24-1844,local
Bataria N Y~W Johnson.,04-24-1844,local
"Brockport N Y—A Peck,",04-24-1844,local
"Lockport, N Y--A Outley.",04-24-1844,local
"Buffalo, N Y—w w Brown, A II Francis.",04-24-1844,local
"Boston, Mass --J 'T Hilton.",04-24-1844,local
"Pittsburgh, Pa.~J B Vashon,",04-24-1844,local
Mudison la.—A Duncan.,04-24-1844,local
"Indianopolis, Ia,—J G Bretton.",04-24-1844,local
"Detroit, Mich.--R Banks, WC Monroe.",04-24-1844,local
"Piketon-~-W Evans,",04-24-1844,local
"Richmond, Ross co. —C Oston, t",04-24-1844,local
"Sharonville--D Lucus, C Smith, W Polson.",04-24-1844,local
"Miami co. 'T. Anderson, R. Smith.",04-24-1844,local
"Vanwertco. U, Tay lor.",04-24-1844,local
Shelby co. J. Robertson.,04-24-1844,local
"Lagan co. D. D. Day,",04-24-1844,local
"Champaign co. D, Lancaster.",04-24-1844,local
"Crawford co. A, Allen.",04-24-1844,local
"Cincinnati, Rey. C. Satchel, Rev. M.M Clark.",04-24-1844,traveling
"Springfield. Rev, Ty Roberts, -",04-24-1844,traveling
"Zanesville, Rey. Geo. Coleman.",04-24-1844,traveling
"“ardina, Rey. £, Cumberland, Rev. S. Pox.,",04-24-1844,traveling
"Xenia. Rev. D, Winslow,",04-24-1844,traveling
"Logan ce, Rev. MT’. Nusum.",04-24-1844,traveling
Himilton. Rey. W. C Yancy.,04-24-1844,traveling
"Massillon. Rev. J, Thomas.",04-24-1844,traveling
"Columbus. Rev. W, Shelton, Rev. T. Lawrence,",04-24-1844,traveling
"M1, Pleasdht. Rey. W. Newmon..",04-24-1844,traveling
"Jackson co, Rey. T. Woodson.",04-24-1844,traveling
"Butler co. J. U, Yancy, S. Jones..",04-24-1844,traveling
"Cincinnati a Watson, A M Sumner,WTF Yancy.",05-01-1844,local
"Hamilton, Butler co.—Hi Simpson.",05-01-1844,local
"Dayton, O.. T. Jefferson.",05-01-1844,local
"Springfield WW, Piles, R. Piles,",05-01-1844,local
"Urbana--L Adams, A Kane.",05-01-1844,local
"Chillicothe K W Chanceller, James Leach,",05-01-1844,local
"U Moody, C H Langston, J Burnett.",05-01-1844,local
Circleville? W Scott.,05-01-1844,local
"Lancaster 8S Smith N Smith, Rev. I. Martin",05-01-1844,local
"Zanesville WB Messer, H Nusum, W Gaeaway",05-01-1844,local
"Hillsboro J Tailor, N ‘lailor.",05-01-1844,local
Steubenville W Ferris.,05-01-1844,local
"Newark—W Jenkins, H Robinson,",05-01-1844,local
"Cleveland J Malvin, J Watson, R D Kenney.",05-01-1844,local
"Dublin S White, jr.",05-01-1844,local
Xenia W Roberts.,05-01-1844,local
"Logan County--K Artis, sen. K Arts, jr.",05-01-1844,local
Mt. Vernon—O Martin.,05-01-1844,local
Frenton Jefferson co.—J Simpson.,05-01-1844,local
Mt. Plew§ant--Elijah Sawycr.,05-01-1844,local
Warren—-A Moore.,05-01-1844,local
"Gallipolis—H1 Vell, J Gee,",05-01-1844,local
"Jackson—N Nukes, T Woodson. .",05-01-1844,local
Lebanon—T Benford.,05-01-1844,local
Massillon—J S Thompson.,05-01-1844,local
Barnesville—A Harper.,05-01-1844,local
"Oberlin—A Jones, W P Newman. gy",05-01-1844,local
Lower Sandusky A Winfield.,05-01-1844,local
Lockburne--E © ‘Tyner.,05-01-1844,local
Morgan county—Lloyd E Guy.,05-01-1844,local
Putnum—J Thomas.,05-01-1844,local
"Terrehaute Ia—E, Roy,",05-01-1844,local
Lafayette Ia.—S If Webster.,05-01-1844,local
Granville O. T’ Walker.,05-01-1844,local
"New York City—C B Ray, T S Wright.",05-01-1844,local
"Troy, N ¥—i! H Garnet.",05-01-1844,local
"Utica, N Y--T Woodson, J Fountain,",05-01-1844,local
"Geneva, N Y—J W Duffin.",05-01-1844,local
Rochester N Y--J Sharp.,05-01-1844,local
Batavia N Y—W Johnson.,05-01-1844,local
Brockport N Y—A Peck.,05-01-1844,local
"Lockport, N Y A Outley.",05-01-1844,local
"Buffalo, N Y W W Brown, A II Francis",05-01-1844,local
"Boston, Mass.--J T Wilton.",05-01-1844,local
"Pittsburgh, Pa, J B Vashon.",05-01-1844,local
"Madison Ia.—A Duncan,",05-01-1844,local
"Indianopolis, Ia. J G Bretton.",05-01-1844,local
"Detroit, Mich.--R Banks, W C Monroe.",05-01-1844,local
Piketon--W Evans. :,05-01-1844,local
"Richmond, Ross co, C Oston,",05-01-1844,local
"Sharonvillce--D Lucus, C Smith, W Polson,",05-01-1844,local
"Miami co. 'T, Anderson, R. Smith.",05-01-1844,local
"Vanwertco. I, Taylor.",05-01-1844,local
"Shelby co. J, Robertson,",05-01-1844,local
"Logan co. D, D. Day,",05-01-1844,local
Champaign co. D. Lancaster.,05-01-1844,local
"Crawford co. A,- Allen.",05-01-1844,local
"Cincinnati, Rev. C, Satchel, Rev. M. M-Clask.",05-01-1844,traveling
Springfield. Rev. T. Roberts.,05-01-1844,traveling
"Zanesville, Rev. Geo. Coleman.",05-01-1844,traveling
"wWardina, Rey. E, Cumberland, Rev. S. Tox.",05-01-1844,traveling
"Xenia. Rev. D. Winslow,",05-01-1844,traveling
"| Logan ce, Rev. M ‘Il’. Nusum. -",05-01-1844,traveling
Humilton. Rey. W. C Yancy.,05-01-1844,traveling
"Massillon, Rev. J.'Thomas. :",05-01-1844,traveling
"Columbus. Rev. W, Shelton, Rev. T. Lawrence.",05-01-1844,traveling
"Mt, Pleasant, Rev. W. Newmon.",05-01-1844,traveling
Jackson co. Rev. T. Woodson.,05-01-1844,traveling
"Butler co. J. WU. Yancy, 8. Jones.",05-01-1844,traveling
"Cincinnati W W Watson, A M Sumner;Wi Yaa",05-08-1844,local
"Hamilton, Butler co.—f Simpson.",05-08-1844,local
"Dayton, O., T. Jefferson. _",05-08-1844,local
"Springficld W. Piles, R. Piles.",05-08-1844,local
"Urbana--L Adams, A Kane. ‘",05-08-1844,local
"Chillicothe KR W Chanceller, James Leach,",05-08-1844,local
"U Moody, C H Langston, J Burnett.",05-08-1844,local
Circleville W Scott.,05-08-1844,local
"Lancaster S Smith N Smith, Rev. I. Martin",05-08-1844,local
"Zanesville B Messer, 11 Nusum, W Gasaway",05-08-1844,local
"Hillsboro J Tailor, N ‘Yailor.",05-08-1844,local
"Warren, Trumble co--A Day",05-08-1844,local
Steubenville W Ferris.,05-08-1844,local
"Newark—\W Jenkins, 1H Robinson,",05-08-1844,local
"Clereland J Malvin, J L Watson, RD",05-08-1844,local
Kenney.,05-08-1844,local
"Dublin S&S White, jr.",05-08-1844,local
Xenia W: Roberts.,05-08-1844,local
"Logan County--K Artis, sen. K Artis, jr.",05-08-1844,local
Mt. Vernon—O Martim,05-08-1844,local
Trenton Jefferson co.—J Simpson.,05-08-1844,local
ie. Pleasant—Elijah Sawyer.,05-08-1844,local
Warren—A Mag,05-08-1844,local
"Gallipolis—H Bell, J Gee,",05-08-1844,local
"Jackson—N Nukes, T Woodson.",05-08-1844,local
Lebanon—T Benford.,05-08-1844,local
| Massillon—J S Thompson,05-08-1844,local
", BarnesvilleA Harper.",05-08-1844,local
"Oberlin—A Jones, W P Newman.",05-08-1844,local
Lower Sandusky A Winfield.,05-08-1844,local
Lockburne--E C ‘I'yner.,05-08-1844,local
Morgan county—Lloyd B Guy.,05-08-1844,local
Putnum—J ‘Thomas.,05-08-1844,local
"Terrchaute Ja—E, Roy.",05-08-1844,local
Lafayette Ia.—S B Webster.,05-08-1844,local
Granville O. ‘T Wa'ker.,05-08-1844,local
"New York City—C B Ray, TS Wright",05-08-1844,local
"Troy, N Y—U H Garnett.",05-08-1844,local
"Utiea, N Y--T Woodson, J Fontain,",05-08-1844,local
"Geneva, N Y—J W Douffin.",05-08-1844,local
Batavia N Y—W Johnson.,05-08-1844,local
"Brockport N Y—A Peck,",05-08-1844,local
"Lockport, N Y A Outley.",05-08-1844,local
"Buffalo, N Y W W Brown, A II Francis",05-08-1844,local
"Boston, Mass.--J T Wilton.",05-08-1844,local
"Pittsburgh, Pa. J B Vashon.",05-08-1844,local
Madison Ia.—A Duncan.,05-08-1844,local
"Indianopolis, Ia. J G Bretton.",05-08-1844,local
"Detroit, Mich.--R Banks, WoC Monroe.",05-08-1844,local
"Piketon--W Evans,",05-08-1844,local
"Richmond, Ross co. C Oston,.",05-08-1844,local
"Sharonville--D Lucus, C Smith, W Polson.",05-08-1844,local
"Miami co, T. Anderson, R. Smith.",05-08-1844,local
"Vanwertco. U, Taylor.",05-08-1844,local
Shelby co. J. Robertson.,05-08-1844,local
"Loganco. D. D. Day,",05-08-1844,local
Champaign co. D. Lancaster.,05-08-1844,local
"Cratwford co. A, Allen.",05-08-1844,local
"Cincinnati, Rev. C, Satchel, Rev. M. M.Clatk.",05-08-1844,traveling
Springfield. Rev. T. Roberts.,05-08-1844,traveling
"Zanesville, Rev. Geo. Coleman.",05-08-1844,traveling
"Wardina, Rev. E, Cumberland, Rev. S. Tox.",05-08-1844,traveling
"Xenia. Rev. D. Winslow, — .-",05-08-1844,traveling
"Logan ce, Rev. M’ T: Nusum.",05-08-1844,traveling
Hamilton. Rev. W: C Yancy.,05-08-1844,traveling
Massillon. Rev. J. Thomas.,05-08-1844,traveling
"Columbus. Rev. W.. Shelton, Rev. T. Law.",05-08-1844,traveling
rence.,05-08-1844,traveling
"Mt. Pleasant. Rey, W.. Newmon.-",05-08-1844,traveling
"Jackson co, Rev. 'T. Woodson.",05-08-1844,traveling
Butler co. J. UW. Yancy; 3: Jones.,05-08-1844,traveling
"Wincinnati W W Watson, A M Sumner, W U1 Yancy.",05-15-1844,local
"Hemitton, Butler co.—1U Simpson.",05-15-1844,local
"Dayton, O. T. Jetlersen. —",05-15-1844,local
"Springfield W. Piles, R. Piles.",05-15-1844,local
"Urbana~-L Adams, A Kane.",05-15-1844,local
"Chillicothe , RK W Chanceller, James Leach,",05-15-1844,local
"|U Moody, C H Langston, J Burnett.",05-15-1844,local
‘Circleville W Scott.,05-15-1844,local
"_Lancaster* S Smith N Smith, Rev. I, Martin",05-15-1844,local
"Zanesville B Messer, 11 Nusum, W Gasaway",05-15-1844,local
"| Hillsboro J ‘Tailor, N ‘lailor.",05-15-1844,local
"Wurren, Trumble co--A Day",05-15-1844,local
Steubenville W Ferris.,05-15-1844,local
"Newark—W Jenkins, G W Roots °",05-15-1844,local
"Clercland J Malvin, J L Watson, R D Kenney.",05-15-1844,local
"Dublin S White, jr.",05-15-1844,local
Nexia W Roberts.,05-15-1844,local
"Logan County--D. D. Day. K Artis, je.",05-15-1844,local
Mt. Vernon—O Martin.,05-15-1844,local
Trenton Jefferson co.—J Simpson.,05-15-1844,local
Mt. Pleasant# Elijah Sawyer.,05-15-1844,local
Warren—-A “Moore. ',05-15-1844,local
"Gallipolis—I1 Bell, J Gee,",05-15-1844,local
"Jackson—N Nukes, T Woodson.",05-15-1844,local
Lebanon—T Benford.,05-15-1844,local
Massillon—J 3 Thompson.,05-15-1844,local
Barnesville—A Harper.,05-15-1844,local
"Oberlin—A Jones, W P Newman,",05-15-1844,local
| Lower Sandusky A Winfield.,05-15-1844,local
Lockburne--E C 'l'yner.,05-15-1844,local
Mérgan county—lloyd E Guy.,05-15-1844,local
Putnum—J Thomas.,05-15-1844,local
"Terrehaute Ia—E, Roy,",05-15-1844,local
Lafayette la.—S B Webster.,05-15-1844,local
Granville O. 'T Walker.,05-15-1844,local
"New York City—C B Ray, TS Wright.",05-15-1844,local
"Troy, N Y—H Wf Garnett.",05-15-1844,local
"Utica, NV Y--T Woodson, J Fontain,",05-15-1844,local
"Genera, N Y—J W Duffin.",05-15-1844,local
Bataria N Y—W Johnson.,05-15-1844,local
Brockport N Y—A Peck.,05-15-1844,local
"Lockport, NY A Outley.",05-15-1844,local
"Buffalo, NY Ww Brown, A Il Francis",05-15-1844,local
"Boston, Mass.--J T Ulilton.",05-15-1844,local
"Pittsburgh, Pa. J B Vashon.",05-15-1844,local
Madison Ila.—A Duncan.,05-15-1844,local
Tadinhopatis Ia. JS G Bretton.,05-15-1844,local
"Detroit, Mich.--R Banks, WC Monroe.",05-15-1844,local
"Piketon--W Evans,",05-15-1844,local
"Richmond, Ross co. C Oston, v",05-15-1844,local
"Sharonvillc——D Lucus, C Smith, W Polson.",05-15-1844,local
"Miami co, 'T, Anderson, R. Smith.",05-15-1844,local
"Vanwertco. 1, Tay lor. .",05-15-1844,local
Shelby co. H Galloway AN Redmon,05-15-1844,local
Champaign co. D. Lancaster.,05-15-1844,local
"Crawford co, A, Allen.",05-15-1844,local
"Cincinnati, Rev. C, Satchel, Rev. M.M Clark.",05-15-1844,traveling
Springfield: Rev. T. Roberts.,05-15-1844,traveling
"Zanesville, Rev. Geo. Coleman.",05-15-1844,traveling
"Wardina, Rev. B. Cumberland, Rev. &. Yox.",05-15-1844,traveling
"Xenia. Rev. D. Winslow,",05-15-1844,traveling
"Logan ce, Rev. MT. ‘Nusum,",05-15-1844,traveling
"Hamilton, Rev. W. C Yancy.",05-15-1844,traveling
Massillon. Rev. J. ‘Thomas.,05-15-1844,traveling
"Columbus. Rev. W, Shelton, Rev. T. Lawrence.",05-15-1844,traveling
"Mi, Pleasant, Rev. W. Newmon.",05-15-1844,traveling
Jackson co. Rev. T. Woodson.,05-15-1844,traveling
"Butler co. J. W. Ya ney, S, Jones",05-15-1844,traveling
"Cincinnati W W Watson, AM Sumner,W oH Yaney.",05-22-1844,local
"Hamilton, Butler co—i Simpaon.",05-22-1844,local
"Dayton, O. TV. Jefferson.",05-22-1844,local
"Springfield W. Piles, Re Piles.",05-22-1844,local
"Urhana--L, Adums, A Kane.",05-22-1844,local
"Chillicothe * R W Chanceller, James Leach,",05-22-1844,local
"U Mody, C H Langston, J Burnett.",05-22-1844,local
Circleville W Svott.,05-22-1844,local
"Ewmceaster & Sinith N Smith, Rev. 1. Martin",05-22-1844,local
"Zanesville WB Messer, U Nusum, W Gasaway",05-22-1844,local
"Hillsboro J Tailor, N ‘Tailor,",05-22-1844,local
"Warren, Trumble co-—A Day",05-22-1844,local
Steubenville W Ferris.,05-22-1844,local
"Newark—W_ Jenkins, G W Roots",05-22-1844,local
"Cleveland J Malviny J L Watson, RD Kenney.",05-22-1844,local
"Dublin § Wisite, jr.",05-22-1844,local
Nenia W Roberts.,05-22-1844,local
"Legan County--D, D. Day. K Artis, jr,",05-22-1844,local
Mt. Vernon—-O Martin.,05-22-1844,local
Trenton Jeffirsgn co.—J Simpson.,05-22-1844,local
"Mt. PleasantV iat Sawyer,",05-22-1844,local
Warren--A Moore.,05-22-1844,local
"Gallipotis—Il Bell, J Gee,",05-22-1844,local
"Jackson—N Nukes, T Woodson.",05-22-1844,local
Lebunon—V Benford.,05-22-1844,local
"Massillon—J § Thompson,",05-22-1844,local
BurnesvillemaA Harper.,05-22-1844,local
"Oberlin—A Jones, WP Newman,.",05-22-1844,local
Lower Sandusky A Winfield.,05-22-1844,local
| Lockburue-- C Tyner.,05-22-1844,local
| Morvan county—VLloyd E Guy.,05-22-1844,local
| Pitnum—J ‘Vhomne.,05-22-1844,local
"| Terrchaute la E. Roy, +",05-22-1844,local
"Lafayette la.—S B Webster,",05-22-1844,local
Granville O. ‘T Walker.,05-22-1844,local
"New Yori: Cily—C B Ray, T§ Wright.",05-22-1844,local
"Troy, N Y— WW Garnett.",05-22-1844,local
"Utica, N yu-T Woodson, J Fountain,",05-22-1844,local
"Geneva, N Y—J W [uffin.",05-22-1844,local
Butarvia N Y—sy Johnson.,05-22-1844,local
Brockport N YA Peck.,05-22-1844,local
"Lockport, N ¥ A Ouiley,",05-22-1844,local
"Biffaloos NY Ww Brown, A II Erancis.",05-22-1844,local
"Boston, Mass -~J ‘J’ Hilton,",05-22-1844,local
"Pittsburgh, Pu, JB Vashon,",05-22-1844,local
"Madison la.—A Duncan,",05-22-1844,local
"Indianopolis, Ia. J G Bretton.",05-22-1844,local
"Detroit, Mich --R Banks, WC Monrce.",05-22-1844,local
Piketon=-W Evans. ;,05-22-1844,local
"Richmond, Ross co, C Oston, :",05-22-1844,local
"Sharonville=-]) Lucus, © Smith, W Polson.",05-22-1844,local
"Miami ca, ‘J, Anderson, R, Smith.",05-22-1844,local
"Vanwertco. U, Tay lor,",05-22-1844,local
Shelby Cc). Il Galloway A N Redmon,05-22-1844,local
"Champaign co. WD, Lancaster.",05-22-1844,local
"(Cratford-co. A, Allen,",05-22-1844,local
"Cincinnati, Rey, C",05-22-1844,traveling
". Satchel, Rey. M.M°Clasie.",05-22-1844,traveling
"Springfield. Rev, T, Roberts,",05-22-1844,traveling
"Zunesvide, Rev, Geo. Coleman.",05-22-1844,traveling
"“ardina, Rev, BR, Cumberland, Rey. S. Tox.,",05-22-1844,traveling
"NVenia. Rev. D, Winslow,",05-22-1844,traveling
"Logan ce, Rev. M T’. Nusum,",05-22-1844,traveling
"Himilton. Rev. W. © Yancy,",05-22-1844,traveling
Massillon. Rev. - Thomas.,05-22-1844,traveling
"Columbus. Rev. W.g helton, Rev. T. -Lawtence,",05-22-1844,traveling
"Mt, Pleasant, Rey. W, Newmon,",05-22-1844,traveling
"Jackson co. Rev. T, Woodson.",05-22-1844,traveling
"Butler co. JH, Yancy, 3. Jones,",05-22-1844,traveling
"Cincinnati W W Watson, A M Sumner,W Il Yaney.",05-29-1844,local
"Homilton, Butler co.—li Simpson.",05-29-1844,local
"Dayton, O.  T. Jefferson, .",05-29-1844,local
"Spring field W. Piles, R. Piles.",05-29-1844,local
"Urbana--L Adams, A Kane.",05-29-1844,local
"Chilheothe WR W Chanceller, James Leach,",05-29-1844,local
"U Moody, C EH Langston, J Burnett.",05-29-1844,local
Cirelcrille W Scutt.,05-29-1844,local
"Lincaster S Smuh N Smith, Rev. I, Martin",05-29-1844,local
"Zunesville B Messer, U Nusum, W Gasaway",05-29-1844,local
"Hillsboro J Tailor, N ‘Tailor,",05-29-1844,local
"Warren, Trumble co-—-A Day",05-29-1844,local
Steubenville W Ferris.,05-29-1844,local
"Newark—W Jenkins, G W Roots",05-29-1844,local
"Clevelund J Malvin, J L Watson, RD Kenney.",05-29-1844,local
"Dublin S White, jr.",05-29-1844,local
Xenia W Roberts.,05-29-1844,local
"Logan Ceunty-- D. D, Day. K Artis, jr.",05-29-1844,local
"Mr. Vernon--Q, Martin.",05-29-1844,local
Trenton Jef on co.—J Simpson.,05-29-1844,local
"Mt. Pleasant--Elijah Sawyer,",05-29-1844,local
Wuarren—A Muoore.,05-29-1844,local
"Gallipolis—U Ucll, J Gee,",05-29-1844,local
"Jackson—N Nukes, T Woodson.",05-29-1844,local
"Lebanon—T Benford,",05-29-1844,local
Massillon—J 3 ‘Thompson.,05-29-1844,local
Barnesville—A Warper.,05-29-1844,local
"Obcrlin—A Jones, W P Newman,",05-29-1844,local
Lower Sandusky A Winfield.,05-29-1844,local
Lockburuc--E C 'lyner.,05-29-1844,local
Morgan county—\loyd E Guy.,05-29-1844,local
Putnum—J ‘Vhomas. 4,05-29-1844,local
"Terrehaute Ia—E, Roy,",05-29-1844,local
Lafayette la.— 8 B Webster.,05-29-1844,local
Granville O. ‘lV’ Wa'ker.,05-29-1844,local
"New York City—C B Ray, T 8 Wright.",05-29-1844,local
"Troy, N Y—i! We Garnett.",05-29-1844,local
"Utica, N Y--T Woodson, J Fontain,",05-29-1844,local
"Geneva, N Y—J W Duffin.",05-29-1844,local
Bataria N Y—W Johnson.,05-29-1844,local
Brockport N Y—A Peck.,05-29-1844,local
"Lockport, N Y A Outley,.",05-29-1844,local
"Buffalo, NY WW Brown, A II Francis:",05-29-1844,local
"Boston, Mase --J T Wilton.",05-29-1844,local
"Pittsburgt, Pa. J B Vashon.",05-29-1844,local
Madison la.—A Duncan.,05-29-1844,local
"Indianopolis, Ia. J G Bretton.",05-29-1844,local
"Detroit, Mich.~-R Banks, WC Monroe.",05-29-1844,local
Piketon--W Evans. .,05-29-1844,local
"Richmond, Ross co. C Oston,",05-29-1844,local
"Sharonville--D Lucus, C Smith, W Poleoe.",05-29-1844,local
"Miami co. ‘Tl’. Anderson, R. Smith.",05-29-1844,local
"Vanwertco. WW, Tay ter.",05-29-1844,local
Shelby co. 11 Gulloway AN Redmon,05-29-1844,local
Champaign co. D. Lancaster.,05-29-1844,local
"Crawford co. A, Alien.",05-29-1844,local
"Cincianali, Rev. C. Satchel, Rev. M. M Claik.",05-29-1844,traveling
"Spring field. Rev. T. Roberts,",05-29-1844,traveling
"Zanceville, Rev. Geo. Coleman.",05-29-1844,traveling
"Sardina, Rev. KE. Cumberland, Rev. 8. Fox.",05-29-1844,traveling
"Xenia. Rev. D. Winslow,",05-29-1844,traveling
"Logan ce, Rev. M_ 'T’, Nusum,",05-29-1844,traveling
Hamilton. Rey. W. C Yancy.,05-29-1844,traveling
Massillon. Rev. J. Thomas.,05-29-1844,traveling
"Columbus, Rev. W Shelton, Rev. T. Lawrence.",05-29-1844,traveling
"Mt, Pleasant. Rev. W. Newmon.",05-29-1844,traveling
"Jackson co, Rev. 'T’. Woodson.",05-29-1844,traveling
"Butler co. J. H. Yancy, S.Jones, ©",05-29-1844,traveling
"Cincinnati W W Watson, A M Sumner,W H Yancy.",06-05-1844,local
"Hamilton, Butler co.—H Simpson.",06-05-1844,local
"Dayton, O.. T. Jefferson. :",06-05-1844,local
"Springfield W. Piles,",06-05-1844,local
"Urbana—L Adams,",06-05-1844,local
"Chillicothe J Burnett, James Leach.",06-05-1844,local
Circleville W Scott.,06-05-1844,local
"Lancaster S Smith N Smith, Rev.",06-05-1844,local
"Zanesville J, Martin H Nusum, W Gasaway",06-05-1844,local
"Hillsboro J Tailor, N Tailor.",06-05-1844,local
"Warren, Trumble co—A Day",06-05-1844,local
Steubenville W = Ferris.,06-05-1844,local
"Newark—W Jenkins, G W Roots",06-05-1844,local
"Cleveland J Malvin, J L Watson, R D Kenney.",06-05-1844,local
"Dublin S White, jr.",06-05-1844,local
Xenia W Roberts.,06-05-1844,local
"Logan County--D. D. Day, K Artis, jr.",06-05-1844,local
Mt. Vernon—O Martin.,06-05-1844,local
enton Jefferson co.—J Simpson.,06-05-1844,local
Mt. Pleasant--ifjah Sawyer.,06-05-1844,local
"Warren—A Moore. """,06-05-1844,local
"Gallipolis—H Bell, J Gee, °",06-05-1844,local
"Jackson—N Nukes, T Woodson.",06-05-1844,local
Lebanon—T Benford.,06-05-1844,local
Massillon—J 3 Thompson.,06-05-1844,local
Barnesville—A Warper.,06-05-1844,local
"Uberlin—A Jones,",06-05-1844,local
Lower Sandusky A Winfeld.,06-05-1844,local
Morgan county—Lloyd E Guy.,06-05-1844,local
Putnum—J Thomas.,06-05-1844,local
"Terrchaute Ia—E, Roy,",06-05-1844,local
Lafayette Ia.— 8 B Webst :,06-05-1844,local
Granville O. T’ Walker.,06-05-1844,local
Madison Ia.—A Duncan.,06-05-1844,local
"Indianopolis, Ia. J G Bretton.",06-05-1844,local
"Detroit, Mich.--R Banks, W C Monroe.",06-05-1844,local
Piketon—-W Evans.,06-05-1844,local
"Richmond, Ross co. C Oston,",06-05-1844,local
"Sharonville-——-D Lucus, C Smith, W Po}son.",06-05-1844,local
"Miami co, 'T. Anderson, R. Smith.",06-05-1844,local
"Vanwertco. U, Taylor.",06-05-1844,local
Shelby co. 11 Galloway A N Redmon,06-05-1844,local
Champaign co. D. Lancaster.,06-05-1844,local
"Crawford co. A, Allen.",06-05-1844,local
"New Albany, Ind.—G W Carper.",06-05-1844,local
"Cincinnati, Rev. C. Satchel, Rev. M. M Clark.",06-05-1844,traveling
"sNardina, Rev. E, Cumberland, Rev. S. lox.",06-05-1844,traveling
"Logan ce, Rev. M_ ‘T’. Nusum.",06-05-1844,traveling
"Hrmilton. Rev. W. C Yancy,",06-05-1844,traveling
Massillon. Rev. J. Thomas.,06-05-1844,traveling
"Mt, Pleasant. Rev. W. Newmon,",06-05-1844,traveling
"Jackson co, Rev. ‘I’. Woodson.",06-05-1844,traveling
"Cincinnati W W Watson, A M Sumner,W TL Yaney.",06-12-1844,local
"Hamilton, Butler co.—l1 Simpson.",06-12-1844,local
"Dayton, O..  T. Jefferson.",06-12-1844,local
"Springfield W. Piles,",06-12-1844,local
"Urbana—l, Adams,",06-12-1844,local
"Chillicothe J Burnett, James Leaeh.",06-12-1844,local
Circleville W Scott.,06-12-1844,local
"Lancaster “S Smith N Smith,",06-12-1844,local
"Zanesville 1, Martin UW Nusum, WGasaway",06-12-1844,local
"Hillsboro J Tailor, N Wailor.",06-12-1844,local
"Warren, Trumble co-—A Day",06-12-1844,local
Steubenville W= Fertis.,06-12-1844,local
"Newark—W Jenkins, G W Roots",06-12-1844,local
"Cleveland J Malvin, J L Watson, R D",06-12-1844,local
Kenney.,06-12-1844,local
"Dublin S White, jr.",06-12-1844,local
Xenia W Roberts.,06-12-1844,local
"Logan County--D. D. Day. K Artis, jr.",06-12-1844,local
Mt. Vernon—O Martin.,06-12-1844,local
i ae co.—J Simpson.,06-12-1844,local
Mt. Pled¥ant--Elijah Sawyer.,06-12-1844,local
Warren—A Moore.,06-12-1844,local
"Gallipolis—I1 Bell, J Gee,",06-12-1844,local
"Juckson—N Nukes, T Woodson.",06-12-1844,local
ebanon—'F Benfurd.,06-12-1844,local
yasstllon—J S Thompson.,06-12-1844,local
rnesvillemA Harper.,06-12-1844,local
"Pe tek Jones, ~",06-12-1844,local
Low? Sandusky A Winfield.,06-12-1844,local
Mor8an county—Liovd Ee Guy.,06-12-1844,local
Pumn'um—J Thomas.,06-12-1844,local
"Terrchaute la.<E, Rov,",06-12-1844,local
"Lafay""e Ia.—3$ BWebster,",06-12-1844,local
"Granville O. T Walke,",06-12-1844,local
Madison Ia.—A Dunean.,06-12-1844,local
"Indianopolts, Ia. JG Bretton.",06-12-1844,local
"Detroit, Mich.--N Barks, W C Monsoe.",06-12-1844,local
"Piketon--W Evans,",06-12-1844,local
"Richmond, Ross co. C Oston,",06-12-1844,local
"Sharonville—-D Lucnus, C Smith, W Polson.",06-12-1844,local
"Miami co. T. Anderson, R. Saith.",06-12-1844,local
"Vanwertco. UW, Taylor.",06-12-1844,local
Shelby co. H Galloway A N Redmon,06-12-1844,local
Champaign co.. D. Lancaster.,06-12-1844,local
"Cratwford co. A, Allen.",06-12-1844,local
"New Albany, Ind.—G W Carter,",06-12-1844,local
"Cincinnati, Rev. C, Suichel, Rev. M.M Chatk.",06-12-1844,traveling
"Wardina, Rev. E, Cumberland, Rev. S. Lex.",06-12-1844,traveling
"Logan ce, Rev. MT’. Nusum,",06-12-1844,traveling
Humilton. Rev. W. C Yancy.,06-12-1844,traveling
Massillon. Rev. J. Thomas.,06-12-1844,traveling
"Mt, Pleasant. Kev. \V. Newmon.",06-12-1844,traveling
Jackson co Rev. T. Woodson.,06-12-1844,traveling
"Cincinnati W W Watson, A M Sumner,W Ul Yanev.",06-19-1844,local
"Hamilton, Butler co.—W Simpson.",06-19-1845,local
"Dayton, O.. 'T. Setfersun.",06-19-1846,local
"Springfield W. Piles,",06-19-1847,local
"Urbana-—L Adams,",06-19-1848,local
"Chillicothe J Burnett, James Leach.",06-19-1849,local
Circlerille W = Seott.,06-19-1850,local
"| Lancaster 8S Sunth N Smith,",06-19-1851,local
"Zanesville (?Mactin U Nusuin, W Gasaway",06-19-1852,local
"‘Hillsboro J Tailor, N ‘Tailor.",06-19-1853,local
"Warren, Trumble co--A Day",06-19-1854,local
Steubenville W Ferris.,06-19-1855,local
"Newark——W Jenkins, G W Roots",06-19-1856,local
"Cleveland J Mualvin, J L Watson, RD Kenney.",06-19-1857,local
"Dublin S White, jr.",06-19-1858,local
Nenia W Roberts.,06-19-1859,local
"Logan County--D. D. Day, K Artis, jr,",06-19-1860,local
Mt. Vernon~—O Martin.,06-19-1861,local
"T¥enton Jefferson co.—J Simpson,",06-19-1862,local
Mt. Pleasantg-Elijah Sawyer.,06-19-1863,local
Warren—-A@Movore.,06-19-1864,local
"Gallipolis—Hl W Bell, J Gee,",06-19-1865,local
"tJuckson—N Nukes, T) Woodson.",06-19-1866,local
"Lebanon—T Benford,",06-19-1867,local
Massillon—J S Thompson.,06-19-1868,local
Barnesville—A Harper.,06-19-1869,local
"Oberlin—A Jones, ‘I’ Fisher",06-19-1870,local
Lower Sandusky A Wintield.,06-19-1871,local
"Morgan county—Lioyd E Guy,",06-19-1872,local
Patnum—J ‘Thomas.,06-19-1873,local
"Terrehaute la—E, Rov,",06-19-1874,local
Lafayette Iu.— 38 B Webster.,06-19-1875,local
Granville O. ‘I’ Walker,06-19-1876,local
Madison laa—A Duncan.,06-19-1877,local
"Indianopolis, Te. J G Bretton.",06-19-1878,local
"Detroit, Mich.--lt Banks, W C Monroe.",06-19-1879,local
Piketon--W Evans.,06-19-1880,local
"Richmond, Ross co. C Oston,",06-19-1881,local
"Sharonvillc—-]) Lucus, C Smuh. W Polson.",06-19-1882,local
"Miami co. 'T. Anderson, R. Smith.",06-19-1883,local
"Vanicertco. U, Taylor.",06-19-1884,local
Shelby co. fl Galloway A N Redmon,06-19-1885,local
Champaign.co. LD. Laticaster.,06-19-1886,local
"Crawford co. A, Allen.",06-19-1887,local
"New Albany, Ind.—G W Carter; —",06-19-1888,local
"Cincinnati, Rev. C, Satchel, Rev. M.M Clark.",06-19-1890,traveling
"warding, Rev. B, Cumberland, Rev. S. lox.",06-19-1891,traveling
"Loganca, Rev. M. T..Nusuim, 7",06-19-1892,traveling
"Hamilton. Rev. W. C Yancy,",06-19-1893,traveling
Massillon. Rev. JS. ‘Thomas.,06-19-1894,traveling
"Mt. Pleusant. Rev. W. Newmon,",06-19-1895,traveling
"Jackson co, Rev. 'T', Woodson.",06-19-1896,traveling
"Cincinnati W W Watson, A M Sumner,W Tl Yancy.",06-26-1844,local
"Hamilton, Butler co.—I}1 Simpson.",06-26-1844,local
"Dayton, O..  T. Jetferson.",06-26-1844,local
"Springfield W. Piles,",06-26-1844,local
"Urbanu—L Adams,",06-26-1844,local
"Chillicothe J Burnett, James Leach.",06-26-1844,local
Circleville U Giasspy.G Stanup.,06-26-1844,local
"Lancaster S Smith N Smith,",06-26-1844,local
"Zanesville 1, Martin Wf Nusum, W Gasaway",06-26-1844,local
"Hillshoro J Tailor, N ‘Tailor.",06-26-1844,local
"Warren, Trumble co-—A Day",06-26-1844,local
Steubenville W = rerris.,06-26-1844,local
"Newark—W Jenkins, G W Roots",06-26-1844,local
"Cleveland J Malvin, J L Watson, RD",06-26-1844,local
Kenney.,06-26-1844,local
"Dublin S White, jr.",06-26-1844,local
Xenia W Roberts.,06-26-1844,local
"Logan County--D, D, Day, K Artis, jr.",06-26-1844,local
Mt. Vernon—O Martin.,06-26-1844,local
| Trenton Jefferson co.—J Simpson.,06-26-1844,local
"pMt. Pleasant--Elijah Sawyer,",06-26-1844,local
"| Warren—A ore,",06-26-1844,local
"Gallipolis—Hi W Bell, J Gee,",06-26-1844,local
"wJuckson—N Nukes, T Woodson.",06-26-1844,local
Lebunon—'T Benford.,06-26-1844,local
Mussillon—J 3S ‘Thompson.,06-26-1844,local
Barnesville—A Harper.,06-26-1844,local
"Oberlin—A Jones, ‘I’ Fisher",06-26-1844,local
Lower Sandusky A Winfield.,06-26-1844,local
Morgan county—Lloyd E Guy.,06-26-1844,local
Putnum—J ‘Thomas.,06-26-1844,local
"Terrcehaute la—E, Roy.",06-26-1844,local
Lafayette la.— 8 B Webster.,06-26-1844,local
Granville O. ‘Ty Watker.4,06-26-1844,local
Madison Ia.—A Duncan.,06-26-1844,local
"{Indianopolis, Ia. J G Bretton.",06-26-1844,local
"Detroit, Mich.--R Banks, W C Monroe.",06-26-1844,local
Piketon-=-W Evans.,06-26-1844,local
"Richmond, Ross co. C Oston, ‘",06-26-1844,local
"Sharonville—-D Lucus, C Smith, W Polson.",06-26-1844,local
"Miami co. ‘I’. Anderson, R. Smith.",06-26-1844,local
"Vanwertco. U, Taylor.",06-26-1844,local
Shelby co. 1 Galloway A N Redmon,06-26-1844,local
Champaign co. D. Lancaster.,06-26-1844,local
"Craicford co. A, Allen.",06-26-1844,local
"New Albany, Ind.—G W Carter.",06-26-1844,local
Mercer co. Rev. S Jones,06-26-1844,local
Licking co. F J Bailes,06-26-1844,local
"Cincinnati, Rev. C, Satchel, Rev. M. M Clark.",06-26-1844,traveling
"Wardina, Rev. E, Cumberland, Rev. S. Pox.",06-26-1844,traveling
"Logan ce, Rev. MT’. Nusum,",06-26-1844,traveling
Hamilton. Rev. W. C Yancy.,06-26-1844,traveling
Massillon. Rev. J. Thomas.,06-26-1844,traveling
"Mt, Pleasant. Rev. W. Newmon.",06-26-1844,traveling
"\Juckson co, Rev: ‘T'. Woodson.",06-26-1844,traveling
"Cincinnati WW Watseun, AM Sumer,",07-03-1844,local
W Il Yaney.,07-03-1844,local
"Hemilton, Butler co.—t1 Simpson.",07-03-1844,local
"Dayton, O.  T. Jetferson.",07-03-1844,local
"Spring field W. Piles,",07-03-1844,local
"Urbuna--L Acams,",07-03-1844,local
"Chillicothe J Burnett, James Leach.",07-03-1844,local
Circleville U Giusepy.G Stanup.,07-03-1844,local
"Luncaster 8S Smith N.Sinith,",07-03-1844,local
"Zanesville 1, Martin tt Nasum, W Gasaway",07-03-1844,local
"Hillsboro J ‘Tailor, N ‘Tailor,",07-03-1844,local
"Warren, Trumble co--A Day",07-03-1844,local
Steubenville W = rerris.,07-03-1844,local
"Newark—W Jenkins, G W Roots",07-03-1844,local
"Cleveland J Malvin, J L Watson, R D Kenney.",07-03-1844,local
"Dublin S White, jr.",07-03-1844,local
Xenia W Roberts.,07-03-1844,local
"Logan County--). D. Day. K Artis, jr.",07-03-1844,local
Mt. Vernon--O Martin.,07-03-1844,local
"Trenton Jeffirson co.—J Simpson,",07-03-1844,local
Mt. Pleasant--Elijah Sawyer.,07-03-1844,local
WWarren—A Moore.,07-03-1844,local
"Gallipolis—H1 M¥ Bel!, J Gee,",07-03-1844,local
"Jackson—N Nukes, T Woodson,",07-03-1844,local
Lebunon—T Benfard.,07-03-1844,local
Massillon—J 3 Thompson.,07-03-1844,local
Barnesville—A Harper.,07-03-1844,local
"Oberlin—A Jones, ‘I’ Fisher",07-03-1844,local
Lower Sandusky A Winfield.,07-03-1844,local
Morgan county—Vloyd E Guy.,07-03-1844,local
Putnum—J Thomas.,07-03-1844,local
"Terrchaute Ta—E, Rov,",07-03-1844,local
"LufajetteIa—S B Webster,",07-03-1844,local
Granville O. T Wa'ker.,07-03-1844,local
Mudison Iaa—A Duncan.,07-03-1844,local
"Indianopolis, Ia. 3 G Bretton.",07-03-1844,local
"Detroit, Mich --R Banks, WoC Monroe.",07-03-1844,local
Piketon—--W Evans.,07-03-1844,local
"Richmond, Ross co. C Osten,",07-03-1844,local
"Sharonville--D) Lucus, © Smith, W Polson.",07-03-1844,local
"Miami co, ‘V. Anderson, R. Sanith.",07-03-1844,local
"Vanwerteo. UW, Taylor.",07-03-1844,local
Shelby co. W Galloway A N Redmon,07-03-1844,local
"Champaign co. D, Lancaster.",07-03-1844,local
"Crairford co, A, Allen.",07-03-1844,local
"New Albany, Ind.—G W Carter, —",07-03-1844,local
Mercer co. Rev. S Joues,07-03-1844,local
Licking co. ES. Bailes,07-03-1844,local
Madisonco. C Lewis,07-03-1844,local
"Cincinnati, Rev. C, Satchel, Rev. M. M Clark,",07-03-1844,traveling
"warding, Rev. E. Cumberland, Rev. 8. Vox.",07-03-1844,traveling
"Logan ca, Rev. MT. Nusum.",07-03-1844,traveling
"Himilton. Rev. WoC Yancey,",07-03-1844,traveling
"Massitlon, Rev. J. Vhomas,",07-03-1844,traveling
"aM, Pleasent. Rev. W. Newmen.",07-03-1844,traveling
"Jackson ca, Rev. ‘I’. Woodson.",07-03-1844,traveling
"Cincinnati W W Watson, A M Sunrer, W ol Yaney.",07-10-1844,local
"“Hh milion, Butler co.—H Simpson.",07-10-1844,local
"Dayton, 7, FE, Jeflerson.",07-10-1844,local
"Spring field W. Piles,",07-10-1844,local
"_Urbana--L Adams,",07-10-1844,local
"Chillicothe‘ J Burnett, James Leach.",07-10-1844,local
"Circleville H Glastpy. G Sn Lup,",07-10-1844,local
"Lincaster S Smith N Smith,",07-10-1844,local
"Zuancseille |. Martin U Nusum, W Gusaway",07-10-1844,local
"Millsboro J Tailor, N ‘Tailor.",07-10-1844,local
"Warren, Trumble co-—A Day",07-10-1844,local
Steubenville W Ferris.,07-10-1844,local
"Newark—W Senkins, G W Roots",07-10-1844,local
"Clerecland J Malvin, J L Watson, R DP Kenney.",07-10-1844,local
"Dublin S White, jr.",07-10-1844,local
"'Yenia W > Robests,",07-10-1844,local
"Logan County-- D. D. Day. K Attis, jr,",07-10-1844,local
Mt. Vernon—O Martin.,07-10-1844,local
» Trenton Jeffirson co.—J Simpson.,07-10-1844,local
"Ut. PleasantogElijah Sawyer,",07-10-1844,local
Warren—A ®Yoore.,07-10-1844,local
"Gallipolis—Il W Bell, J Gee,",07-10-1844,local
"Jackson—N Nukes, T Woodson.",07-10-1844,local
Lebanon—T’ Benford.,07-10-1844,local
‘Mussillon—J § Thompson.,07-10-1844,local
BarnesvillemA Harper.,07-10-1844,local
"Obcrlin—A ‘Jones, 'I' Fisher",07-10-1844,local
Lower Sandusky A Winfield.,07-10-1844,local
Morgan eounty—Lloyd E Guy.,07-10-1844,local
Putaum—J ‘Vhomas.,07-10-1844,local
"| Lerrehaute lu—E, Roy.",07-10-1844,local
Lafayette la.—§ B Webster.,07-10-1844,local
Granville O. ‘T’ Walker.,07-10-1844,local
Madison Ia.—A Duncan.,07-10-1844,local
"Indianopolis, Ia. J G Bretton.",07-10-1844,local
"Detroit, Mich.--R Banks, WW C Monroe.",07-10-1844,local
"Piketon~-W Evang,",07-10-1844,local
"Richmond, Ross co. C Oston,",07-10-1844,local
"Sharonville—D Lucus, C Smuh, W> Polson.",07-10-1844,local
"Miami co. '’. Anderson, R. Smith.",07-10-1844,local
"Vanwertco. UH, Taylor.",07-10-1844,local
Shelby co. H Galloway A N Redmon,07-10-1844,local
Champaign co. D. Lancaster.,07-10-1844,local
"Crawford co, A, Allen",07-10-1844,local
"Neve Albany, Ind.—G Ww Curter,.",07-10-1844,local
Mercer co. Rev. § Jones,07-10-1844,local
Licking co. F J Bailes.,07-10-1844,local
"Madison co, C Lewis.",07-10-1844,local
"Cincinnati, Rev. C. Satchel, Rey. M. M.Clark.",07-10-1844,traveling
"wardina, Rey. E, Cumberland, Rev. S. lox.",07-10-1844,traveling
"Logan ce, Rev. M 'T’, Nusum,",07-10-1844,traveling
"Hamilton. Rey. W. C Yancy,",07-10-1844,traveling
"Massillon, Rey. J, Thomas.",07-10-1844,traveling
"Mt, Pleasant, Rey. W. Newmon.",07-10-1844,traveling
Jackson co. Rev. T. Woodson.,07-10-1844,traveling
"Cincinnati W W Watson, A M Sumter,W oT Yanev.",07-17-1844,local
"Hamilton, Butler co.—t1 Simpson.",07-17-1844,local
"Dayton, O. T. Jefferson.",07-17-1844,local
"Springfield W. Piles,",07-17-1844,local
"Urbana--L Adams,",07-17-1844,local
"Chillicothe J Burnett, James Leach.",07-17-1844,local
Cirelerile U Glasspy. G Stanup.,07-17-1844,local
"Lancaster S Smuh Smith, ;",07-17-1844,local
"Zanesville 1 Martin i Nusum, W Gasaway",07-17-1844,local
"(Hillsboro) J Tailor, N ‘Tailor.",07-17-1844,local
"Warren, Trumble co-—A Day",07-17-1844,local
Steubenville W Ferris.,07-17-1844,local
"| Newark—W Jenkins, G W Roots",07-17-1844,local
"Cleveland J Malvin, J L Watson, & D Kenney.",07-17-1844,local
"Dublin S Waite, jr.",07-17-1844,local
NXNenia W Roberts.,07-17-1844,local
"Logan County--D. D. Day, K Artis, jr,",07-17-1844,local
Mr. Vernon—O Martin.,07-17-1844,local
Trqggon Jefferson co.— J Simpson.,07-17-1844,local
Mt? Pleasant--Vilijalg Sawyer.,07-17-1844,local
Warrcen—A Moore :,07-17-1844,local
"Gallipolis—l1 W Bell, J Gee,",07-17-1844,local
"Juckson—N Nukes, T Woodson.",07-17-1844,local
| Lebanon—T Benford.,07-17-1844,local
| Mussillon—J S Thompson.,07-17-1844,local
Barnesrille—A Warper.,07-17-1844,local
"\Obcrlin—A Jones, T Fisher",07-17-1844,local
Lower Sandusky A Winfield.,07-17-1844,local
Morgan county—\loyd E Guy.,07-17-1844,local
Putnua—J Vhomas.,07-17-1844,local
"Terrchaute la—E, Roy,",07-17-1844,local
Lafayette la.— 8 B Webster.,07-17-1844,local
Granville O. ‘Tl’ Walker. 4,07-17-1844,local
Madison Ia.—A Duncan.,07-17-1844,local
"Indianopolis, la. JG Bretton.",07-17-1844,local
"Detroit, Mich --R Banks, WoC Monroe.",07-17-1844,local
Piketon--W Evans.,07-17-1844,local
"| Richmond, Ross co. C Oston,",07-17-1844,local
"| Sharonvillce--D Lucus, © Smith, W Polson.",07-17-1844,local
"| Miami co, 'T. Anderson, R. Smith.",07-17-1844,local
| Vanwertco. HW. Taylor.,07-17-1844,local
i Shelby co. Wl Galloway A N Redmon,07-17-1844,local
‘Champaign co. D. Lancaster.,07-17-1844,local
"Crawford co. A, Allen.",07-17-1844,local
"New Albany, Ind.—G W Carter,",07-17-1844,local
Mercer co. Rev. S Jones,07-17-1844,local
Licking co. F J Bailes,07-17-1844,local
Madison co. C Lewis,07-17-1844,local
"Cincinnati, Rev. C, Satchel, Rev. M.M Clark.",07-17-1844,traveling
"vardina, Rev. E. Cumberland, Rev. S. Vox.",07-17-1844,traveling
"Loganca, Rev. M ‘I. Nusum,",07-17-1844,traveling
Hamilton. Rev. W. C Yancy.,07-17-1844,traveling
Massillon. Rev. J. Thomas.,07-17-1844,traveling
"Mi, Pleasant, Rev. W. Newmon.",07-17-1844,traveling
"Jackson co, Rev. ‘I’, Woodson.",07-17-1844,traveling
"Cincinnati W W Watson, A M Sumner,W Tl Yaney.",08-14-1844,local
"Hamilton, Butler co.—l Simyson,",08-14-1844,local
"Dayton, O.. T. Jefferson.",08-14-1844,local
"Springfield W. Viles,",08-14-1844,local
"Urbana--L Adams,",08-14-1844,local
"Chillicothe J Burnett, James Leach.",08-14-1844,local
Circleville U Glasspy. G Stanup.,08-14-1844,local
"Lancaster S Suuth N Smith,",08-14-1844,local
"Zanesville 1. Martin HW Nusuin, W Gasaway",08-14-1844,local
"Hillsboro J ‘Tailor, N ‘Tatler.",08-14-1844,local
"Warren, Trumble co-—A Day",08-14-1844,local
Steubenville W > Ferris.,08-14-1844,local
"Newark—W Jenkins, G W Roots",08-14-1844,local
"Clereland J Malvin, J L Watson, R D Kinney.",08-14-1844,local
"Dublin S White, jr.",08-14-1844,local
Xenia W Roberts.,08-14-1844,local
"Logan County--D. D. Day, KK Artis, jr,",08-14-1844,local
Mt. Vernon—O Martin.,08-14-1844,local
Prenton Jefferson co.—J Simpson.,08-14-1844,local
Mt. Pleasant—<Mhjali Sawyer.,08-14-1844,local
"Warren--A Moore, -",08-14-1844,local
"Gallipolis—Il W Vell, J Gee,",08-14-1844,local
"Juckson—N Nukes, T Woodson.",08-14-1844,local
Lebanon—T Benfiurd.,08-14-1844,local
Massillon—J S Thompson.,08-14-1844,local
BarnesvillcmA Harper.,08-14-1844,local
"Oberlin—A Jvunes, ‘lt’ Fisher",08-14-1844,local
Lower Sendusky A Winfield.,08-14-1844,local
"Morgan county—Lloyd E Guy,",08-14-1844,local
Putadém—J Thomas.,08-14-1844,local
"Terrchaute la—E, Roy,",08-14-1844,local
"Lafayette li.— S B Webster, +",08-14-1844,local
"Granville O, ‘I!’ Wa'ker.",08-14-1844,local
Mudison la.—A Duncan.,08-14-1844,local
"Indianopolis, Ia. 3 G Bretton.",08-14-1844,local
"Detroit, Mich--R Banks, WC Monroe.",08-14-1844,local
Piketon—-W Evans.,08-14-1844,local
"Richmond, Ross co. C Oston,",08-14-1844,local
"Sharonville-—D Lucus, C Sintth, Wo Polson",08-14-1844,local
"Miami co, 'T’, Anderson, R. Smith.",08-14-1844,local
"Vanwertco. Hl, Taylor,",08-14-1844,local
Shelby co. Il Gulloway AN Redmon,08-14-1844,local
Champaign co. D. Lancaster.,08-14-1844,local
"Crawford co. A, Allen.",08-14-1844,local
"New Albany, Ind.—G W Carter.",08-14-1844,local
Mercer co. Rev. S Jones,08-14-1844,local
Licking co. F J Bailes,08-14-1844,local
Madison co. C Lewis,08-14-1844,local
"Cincinnati, Rev. C, Satchel, Rev. M. A Clark",08-14-1844,traveling
"wardina, Kev. E, Cumberland, Rev. S. Pox",08-14-1844,traveling
"Logance, Rev. M ‘I. Nusum,",08-14-1844,traveling
Hamilton. Rev. W. C Yancy.,08-14-1844,traveling
Massillon. Rev. J. Thomas.,08-14-1844,traveling
"Mt, Pleasant, Rey. W. Newmon,.",08-14-1844,traveling
"Jackson co, Rev. ‘I. Woodson.",08-14-1844,traveling
"Cincinnati W W Watson, A M Sumner,W HU Yancy.",08-21-1844,local
"Hamilton, Butler co.—H1 Simpson.",08-21-1844,local
"Dayton, O..  T. Jefferson.",08-21-1844,local
"Spring field W. Piles,",08-21-1844,local
"'Urbana--L Adams,",08-21-1844,local
"Chillicothe J Burnett, James Leach.",08-21-1844,local
Circleville H Glasspy. G Stanup.,08-21-1844,local
"Lancaster S Smith N Smith,",08-21-1844,local
"Zanesville 1. Martin Hl Nusum, W Gasaway",08-21-1844,local
"Hillsboro J Tailor, N ‘Tailor.",08-21-1844,local
"Wurren, Trumble co-—A Day",08-21-1844,local
Sleubenville W Ferris.,08-21-1844,local
"Newark—W Jenkins, G W Roots",08-21-1844,local
"Cleveland J Malvin, J L Watson, RD Kenney.",08-21-1844,local
"Dublin S White, jr.",08-21-1844,local
Xenia W = Roberts.,08-21-1844,local
"Logan County--D. D. Day. K Artis, jr.",08-21-1844,local
Mt. Vernon—O Martin.,08-21-1844,local
Trenton Jefferson co.—J Simpson.,08-21-1844,local
Mt. Pl&fsant--Elyjah Sawyer.,08-21-1844,local
Warren—A Moote.,08-21-1844,local
"Gallipolis—I] W Bell, J Gee,",08-21-1844,local
"Jackson—N Nukes, T Woodson.",08-21-1844,local
Lebanon—T Benford.,08-21-1844,local
Massillon—J S Thompson.,08-21-1844,local
Barnesville—A_ Warper.,08-21-1844,local
"Oberlin—A Jones, ‘I’ Fisher",08-21-1844,local
Lower Sandusky A Winfield.,08-21-1844,local
Morgan county—l.loyd E Guy.,08-21-1844,local
Putnum—J Thomas.,08-21-1844,local
"Terrehaute Ta—E, Roy,",08-21-1844,local
"Lafayette Ia.— S B Webster,",08-21-1844,local
Granville O. ‘T’ Walker. 4,08-21-1844,local
Madison Ia.—A Duncan.,08-21-1844,local
"Indianopolis, Ia. J G Bretton.",08-21-1844,local
"Detroit, Mich.--R Banks, W C Monroe.",08-21-1844,local
"Piketon~-W Evaus,",08-21-1844,local
"Richmond, Ross co. C Oston,",08-21-1844,local
"Sharonville-——D Lucus, C Smith, W Poleoa.",08-21-1844,local
"Miami co, ‘I’. Anderson, R. Smith.",08-21-1844,local
"Vanwertco. HW, Taylor.",08-21-1844,local
Shelby co. 11 Gulloway A N Redmon,08-21-1844,local
Champaign co. D. Lancaster.,08-21-1844,local
"Crawford co. A, Allen.",08-21-1844,local
"New Albany, Ind.—G W Carter,",08-21-1844,local
Mercer co. Rev. S Jones,08-21-1844,local
Licking co. F ¥ Bailes,08-21-1844,local
"Madison co, C Lewis",08-21-1844,local
"Cincinnati, Rev. C, Satchel, Rev. M. M-Clark",08-21-1844,traveling
"sardina, Rev. EF, Cumberland, Rev. 8. Pox",08-21-1844,traveling
"Logan ce, Rev. M ‘TT’. Nusum.",08-21-1844,traveling
"Himilton. Rev. W. C Yancy,",08-21-1844,traveling
"Massillon. Rev. J, Thomas,",08-21-1844,traveling
"Mt, Pleasant, Rey. W. Nowmon,",08-21-1844,traveling
"Jackson co, Rev. T. Woodson.",08-21-1844,traveling
"Cincianati W W Watson, A M Sumner,W Hi Yancy.",08-28-1844,local
"Hamilton, Butler co.—Hi Simpson.",08-28-1844,local
"Dayton, O.. T. Jefferson.",08-28-1844,local
"Springficld W. Piles,",08-28-1844,local
"Urbana--L Adams,",08-28-1844,local
"Chillicothe J Burnett, James Leach.",08-28-1844,local
Circleville H Glasspy. G Stanup.,08-28-1844,local
"Lancaster S Smith N Smith,",08-28-1844,local
"Zanesville 1. Martin H Nusum, W Gasaway",08-28-1844,local
"Hillsboro J Tailor, N ‘Hailor.",08-28-1844,local
"Wurren, Trumble co—A Day",08-28-1844,local
Steubenville W Ferris.,08-28-1844,local
"| Vewark——W Jenkins, G W Roots",08-28-1844,local
"Cleveland J Malvin, J L Watson, RD Kenney..",08-28-1844,local
"Dublin S White, jr..",08-28-1844,local
Xenia W Roberts.,08-28-1844,local
"Logan County--D. D. Day. K. Artis, jr.",08-28-1844,local
Mt. Vernon—O Martin.,08-28-1844,local
Trefiton Jefferson co.—J Simpson.,08-28-1844,local
Me. Pleasant——Elijaly Sawyer.,08-28-1844,local
Warren—A Moore:,08-28-1844,local
"\Gallipolis—H W Bell, J Gee,.",08-28-1844,local
"\Jackson—N Nukes, T Woodson.",08-28-1844,local
"Lebanon—T Benford. Lb. 8. Lewis,.",08-28-1844,local
Massillon—J S. Thompson.,08-28-1844,local
Barnesville—A Harper.,08-28-1844,local
"Oberlin—A Jones, . M. Brown.",08-28-1844,local
Lower-Sandusky A Winfield.,08-28-1844,local
Morgan county—).loyd E Guy.,08-28-1844,local
Putnum—J Thomas.,08-28-1844,local
"Terrehaute Ia—E, Roy,",08-28-1844,local
"Lafayette Ia.— 8 B Webster,",08-28-1844,local
Granville O. I’ Walker. 4,08-28-1844,local
"|\Madison Ia.—A Duncan,",08-28-1844,local
"Indianopolis, I2. 1 G Bretton.",08-28-1844,local
"Detroit, Mich.-R Banks, W C Monroe.",08-28-1844,local
"Piketon—-W Evans,",08-28-1844,local
"Richmond, Ross co. C Oston,",08-28-1844,local
"Skaronville~-D Lucus, C Smith, W Polson.",08-28-1844,local
"Miami co. T. Anderson, R. Smith.",08-28-1844,local
"Vanwertco. H, Taylor.",08-28-1844,local
Shelby co. H Galloway A N Redmon,08-28-1844,local
Champaign co. D. Lancaster.,08-28-1844,local
"Crawford co. A, Allen.",08-28-1844,local
"New Albany, Ind.—G W Carter,",08-28-1844,local
Mercer co. Rev. 8. Jones,08-28-1844,local
Licking co. F J Bailes.,08-28-1844,local
Madison co. C Lewis,08-28-1844,local
"Greenfleld.—A. 8. Scot,",08-28-1844,local
"Cincinnati, Rev, €, Satchel, Rev. M. M.Claib",08-28-1844,traveling
"Wardina, Rev. E, Cumberland, Rev. 8. ox",08-28-1844,traveling
"Logan ce, Rev. M TT’. Nusum,",08-28-1844,traveling
Himilton. Rev. W. © Yancy.,08-28-1844,traveling
Massillon. Rev. J. Thomas.,08-28-1844,traveling
Mt. Pleasant. Rev. W. Newmon.,08-28-1844,traveling
"Jackson co, Rev. T. Woodson.",08-28-1844,traveling
"Cincinnati W W Watson, A M Sumner,W UU Yancy.",09-11-1844,local
"Hamilton, Butler co.—Il Simpson,",09-11-1844,local
"‘Dayton, O.. T. Jefferson.",09-11-1844,local
"Spring field W. Piles,",09-11-1844,local
"Urhana--L Adams,",09-11-1844,local
"Chillicothe J Burnett, James Leach.",09-11-1844,local
Circleville U Glasspy. G Stanup.,09-11-1844,local
"Lancaster S Smith’ N Smith,",09-11-1844,local
"Zanesville 1, Martin H Nusum, W Gasaway",09-11-1844,local
"Hillsboro J Tailor, N ‘Yailor.",09-11-1844,local
"Wurren, Trumble co-—A Day",09-11-1844,local
Steubenville W Ferris.,09-11-1844,local
"Vewark—W Jenkins, G@ W Roots",09-11-1844,local
"Cleveland J Malvin, J L Watson, R D Kenney.",09-11-1844,local
"Dublin S White, jr.",09-11-1844,local
Xenia W = Roberts.,09-11-1844,local
"Logan County--D. D. Day, K Artis, jr.",09-11-1844,local
Mt. Vernon—O Martin.,09-11-1844,local
Penton Jefferson co.—J Simpson.,09-11-1844,local
Mt. Pleasant--Eljjah Sawyer.,09-11-1844,local
Warren—A Moore.,09-11-1844,local
"\Gallipolis—Il W Bell, J Gee,",09-11-1844,local
"Jackson—N Nukes, T Woodson.",09-11-1844,local
Lebanon—T Benford. Db. S. Lewis.,09-11-1844,local
Massillon—J S Thompson.,09-11-1844,local
Barnesville—A Uarper.,09-11-1844,local
"Oberlin—A Jones, J. M. Brown.",09-11-1844,local
Lower Sandusky A Winfield.,09-11-1844,local
Morgan county—Lloyd E Guy.,09-11-1844,local
Putnum—J Thomas.,09-11-1844,local
"Terrehaute Ia—E, Roy,",09-11-1844,local
Lafayette luu—S B Webstery,09-11-1844,local
Granville O. ‘T Walker.,09-11-1844,local
Mudison Ia.—A Duncan.,09-11-1844,local
"Indianopolis, Ia. J G Bretton.",09-11-1844,local
"Detroit, Mich.--R Banks, W C Monroe.",09-11-1844,local
"Piketon—-W.- Evans,",09-11-1844,local
"Richmond, Ross co. C Oston,",09-11-1844,local
"Sharonville--D Lucus, © Smith, W Poleon.",09-11-1844,local
"Miami co. 'T. Anderson, R. Smith.",09-11-1844,local
"Vanwertco. H, Taylor.",09-11-1844,local
Shelby co. 1 Galloway A N Redmon,09-11-1844,local
Champaign co. D. Lancaster.,09-11-1844,local
"Crawford co. A, Allen.",09-11-1844,local
"New Albany, Ind.—G W Carter.",09-11-1844,local
Mercer co. Rev. S Jones,09-11-1844,local
| Licking co. F J Bailes,09-11-1844,local
| Madison co. C Lewis,09-11-1844,local
|Greenfield.—A. S. Scot.,09-11-1844,local
"Cincinnati, Rev. C. Satchel, Rev. M.M Clark",09-11-1844,traveling
"wardina, Rev. FE. Cumberland, Rev. 8. Lox.",09-11-1844,traveling
"Logan ce, Rev. M T. Nusum,",09-11-1844,traveling
Hamilton. Rev. W. C Yancy.,09-11-1844,traveling
Massillon. Rev. J. Thomas.,09-11-1844,traveling
"Mt, Pleasant. Rev. W. Newmon.",09-11-1844,traveling
"Jackson co, Rev. TT. Woodson.",09-11-1844,traveling
"Cincinnati W W Watson, A M Sumrer,W oH Yaney.",09-25-1844,local
"Hemilton, Butler co.— Ul Simpson.",09-25-1844,local
"Dayton, O.. TV. Jetlersen.",09-25-1844,local
"Spring field W. Piles,",09-25-1844,local
"\Urbana--L Acams,",09-25-1844,local
"Chillicothe JS Burnett, James Leach.",09-25-1844,local
Circleville UGlasspy. G Stunup.,09-25-1844,local
"Lancaster 3S Smiuh N Smuh,",09-25-1844,local
"Zanesville 1. Martin tPNusum, W Gasaway",09-25-1844,local
"Hillsboro JS ‘Tailor, N ‘Tailor.",09-25-1844,local
"|Warren, Trumble co-—A Day",09-25-1844,local
iNlenbenrille WW rerris.,09-25-1844,local
"\Vewark—W Jenkins, G W Roots",09-25-1844,local
"Cleveland J Bell J L Watson, R Robertson,",09-25-1844,local
"\Dublin S White, jr.",09-25-1844,local
Yenia W > Roberts.,09-25-1844,local
"Logan County-- D. D. Day. K Artie, jr.",09-25-1844,local
Mt. Vernon--O Martin.,09-25-1844,local
| Urentg Jefferson co.—J Simpson.,09-25-1844,local
j Me. leusant--Elijah Sawyer.,09-25-1844,local
Wurren—-A Moore.,09-25-1844,local
"Gallipolis—Il W Bell, J Gee,",09-25-1844,local
"Jackson—N Nukes, T Woodson.",09-25-1844,local
"|Rebanon—T Benford. Ib. 8. Lewis,",09-25-1844,local
"Massillon—J 3 ""Thompson.",09-25-1844,local
\BarnesvillemA Harper.,09-25-1844,local
"Oberlin—A Jones, J. M. Brown.",09-25-1844,local
Lower Sandusky A Winfield.,09-25-1844,local
Morgan county—V.loyd E Guy,09-25-1844,local
"Putnum—J ,Vhomas.",09-25-1844,local
"Terrehaute Iu—E. Ruy,",09-25-1844,local
"Lafayette Iu.— 3S B Webster,",09-25-1844,local
Granville O. ‘Ty Walker.,09-25-1844,local
Madison Ia.—A Duncan.,09-25-1844,local
"Indianopolis, Ia. 3° G Bretton.",09-25-1844,local
"Detroit, Mich —-R Banks, WC Monree.",09-25-1844,local
"Piketon-—-W Evans,",09-25-1844,local
"Richmond, Ross co. C Oston,",09-25-1844,local
"Sharonville--D Lucus, © Smith, W Polson.",09-25-1844,local
"Miami ca. I’, Anderson, R. Smith.",09-25-1844,local
"Vanwertco. Uf, Taylor.",09-25-1844,local
Shelby co. H Guiloway A N Redmon,09-25-1844,local
Champaign co. D. Lancaster.,09-25-1844,local
"Crawford co, A, Allen.",09-25-1844,local
"New Albany, Ind.—G W Carter.",09-25-1844,local
Mercer co. Rev. S Jones,09-25-1844,local
Licking co. F J Bailes,09-25-1844,local
"Madison co, © Lewis",09-25-1844,local
‘Greenfield.—A. S. Scot.,09-25-1844,local
"\Liverpool, Eny.—tl. E. R. Lewis.",09-25-1844,local
"'Lirerpool, England—E R Lewis.",09-25-1844,local
"Cincinnati, Rev. C. Satchel, Rev. M. M.Clark",09-25-1844,traveling
"vardina, Rev, E, Cumberland, Rev. S. Lox.",09-25-1844,traveling
"Loganco, Rev. M 'T. Nusum.",09-25-1844,traveling
"Humilton. Rev. W. C Yancy,",09-25-1844,traveling
Massillon. Rev. J. Thomas.,09-25-1844,traveling
"Mi, Pleasant, Rev. W.. Newmon.",09-25-1844,traveling
Jackson co. Rev. T. Woodson. -,09-25-1844,traveling
"Cincinnati W W Watson, A M Sumner,W oT Yaney.",10-02-1844,local
"Hamilton, Butler co.—i1 Simpson.",10-02-1844,local
"Duyton, O.. TT. Jefferson.",10-02-1844,local
"Springfield W. Piles,",10-02-1844,local
"Urbauna--L Adams,",10-02-1844,local
"Chillicothe J Burnett, James Leach.",10-02-1844,local
‘ireleville U Glasspy. G Stanup.,10-02-1844,local
"Lancaster, S Smith N@Smith,",10-02-1844,local
"Zanesville 1. Martin UU Nusum, W Gasaway",10-02-1844,local
"Hillsboro J Tailor, N ‘Tailor.",10-02-1844,local
"Warren, Trumble co--A Day",10-02-1844,local
Nleubenville W = rerris.,10-02-1844,local
"Newark—W Jenkins, G W Roots",10-02-1844,local
"Cleveland J Bell J L Watsun, R Roberison.",10-02-1844,local
"Dublin S White, jr.",10-02-1844,local
Xenia W Roberts.,10-02-1844,local
"Logan County--D. D. Day. K Artis, jr,",10-02-1844,local
"Mr, gernrn--O Martin.",10-02-1844,local
Trenton Jefferson co.—J Simpson.,10-02-1844,local
Mt. Pleasant--ElijalSawy er.,10-02-1844,local
Warren—-A Moore.,10-02-1844,local
"Gallipolis—li W Bell, J Gee,",10-02-1844,local
"Jackson—N Nukes, T Woodson,",10-02-1844,local
Lebanon—'T Benfird. I. 8. Lewia.,10-02-1844,local
Meaxsillon—J 3 ‘Thompson.,10-02-1844,local
"Semmerton—A, Le Iarper,",10-02-1844,local
"Oberlin—A Jones, J. M. Brown.",10-02-1844,local
Lower Sandusky A Winfield.,10-02-1844,local
Morgan county—\luyd E Guy,10-02-1844,local
Putnum—J ‘Vhomas.,10-02-1844,local
"Terrchaute Iua—E, Roy,",10-02-1844,local
"Lufayette la.—3S B Webster, 4",10-02-1844,local
Granville O. ‘Tl’ Wa'ker.,10-02-1844,local
Madison la.—A Duncan.,10-02-1844,local
"ludianopolis, Ia. 3 G Bretton.",10-02-1844,local
"Detroit, Mich --R Banks, WC Monroe.",10-02-1844,local
"Piketon--W Evans,",10-02-1844,local
"Richmond, Ross co. C Oston,",10-02-1844,local
"Sharonville—-D Lucus, C Smith, W Polson.",10-02-1844,local
"Miami ce, ‘Il’. Anderson, R. Smith.",10-02-1844,local
"Vamrertco. UW, Taylor.",10-02-1844,local
Shelby co. 11 Galloway A N Redmon,10-02-1844,local
Champaign co D. Lancaster.,10-02-1844,local
"Cratcford co, A, Allen.",10-02-1844,local
"Vew Albany, Ind.—G W Carter.",10-02-1844,local
Mercer co. Rev. 8 Jones,10-02-1844,local
Licking co. F J Bailes,10-02-1844,local
Madison co. © Lewis,10-02-1844,local
"Greenfic lid.—A. .J Sent,",10-02-1844,local
"Liverpool, Buy.—ll E.R Lewis.",10-02-1844,local
"Literpool, Englund—E R Lewis.",10-02-1844,local
"Cincinnati, Rev. C, Satchel, Rev. M. M Clark",10-02-1844,traveling
"sardina, Rev, E, Cumberland, Rev. S. Pox",10-02-1844,traveling
"hogan co, Rev. M ‘I. Nusum,",10-02-1844,traveling
"Hemilton, Rev. W. C Yancy.",10-02-1844,traveling
"Massillon, Rev. J. ‘Thomas.",10-02-1844,traveling
"M', Pleasant, Kev. W. Newmon.",10-02-1844,traveling
Jackson co; Rev. ‘I’. Woodson.,10-02-1844,traveling
"‘Cincinnati. W W Watson, A M Sumoer,W tl Yanev.",10-09-1844,local
"' Hamilton, Butler co.—H Simpson.",10-09-1844,local
"‘Dayton, O.. T. Jefferson.",10-09-1844,local
"Springfield W. Piles,",10-09-1844,local
"\Urbana--L Adams,",10-09-1844,local
"Chillicothe J Burnett,,James Leach.",10-09-1844,local
Circlerite UH Glasspy. G Stanup.,10-09-1844,local
"‘Lancaster’ S&S Smith N Smith,",10-09-1844,local
"‘Zanceville 1 Martin H Nusum, W Gaeaway",10-09-1844,local
"‘Hillsboro J ‘Tailor, N ‘laslor.",10-09-1844,local
"Warren, Trumble co-~A Day",10-09-1844,local
Steubenville W ferris.,10-09-1844,local
"Newark—W Jenkins, G W Roots",10-09-1844,local
"‘Clercland J Bell J L Watson, R Robertsou.",10-09-1844,local
"\Dublin S White, jr.",10-09-1844,local
‘Xenia W_ Roberts.,10-09-1844,local
"‘Logi County-- D. D. Day. K Artis, jr.",10-09-1844,local
Mr. Vernon—O Magsifn.,10-09-1844,local
‘Trenton Jefferson co.—J Simpson.,10-09-1844,local
Met. Pleasant--Elijah Sawyer.,10-09-1844,local
‘Wurren--A Moore.,10-09-1844,local
"Gallipolis—Il W Bell, J Gee,",10-09-1844,local
"Jackson—N Nukes, T Woodson.",10-09-1844,local
Lebanon~T Benford. I. 8. Lewis.,10-09-1844,local
'Mussillon—J 3 ‘Thompson.,10-09-1844,local
Nummnérton—A. Le Harper.,10-09-1844,local
"‘Oberlin—A Jones, J. M, Brown,",10-09-1844,local
‘Lower Sdndusky A Winfield.,10-09-1844,local
Morgan county—\ioyd E Guy,10-09-1844,local
Putnum—J Thomas.,10-09-1844,local
"Terrchaute Ia—E_ Roy, 4",10-09-1844,local
Lafayette la.— 8 B Webster.,10-09-1844,local
Granville O. ‘Ty Walker.,10-09-1844,local
Madison Ila.—A Duncan.,10-09-1844,local
"Indianopolis, Ia. J G Bretton.",10-09-1844,local
"Detroit, Mich.--R Banks, W C Monroe.",10-09-1844,local
Pikcton—-W Evans.,10-09-1844,local
"Richmond, Ross co. C Oston,",10-09-1844,local
"Sharonrille—-D Lucus, C Smith, W Polson.",10-09-1844,local
"Miami co. VT. Anderson, R. Smith.",10-09-1844,local
"Vanwertco. Il, Taylor.",10-09-1844,local
\Shelby co. H Galloway A N Redmon,10-09-1844,local
(Champaign co. D. Lancaster.,10-09-1844,local
"Crawford co. A, Allen.",10-09-1844,local
"New Albany, Ind.—G W Carter,",10-09-1844,local
| Mercer co. Rev. S Jones,10-09-1844,local
|Licking co. F J Bailes,10-09-1844,local
"| Madison co, C Lewis",10-09-1844,local
Greenfield.— A. .J Scot.,10-09-1844,local
"Liverpool, Eng.—U. Vi. R Lewis.",10-09-1844,local
"Liverpool, England—E R Lewis.",10-09-1844,local
"‘Cincinnati, Rev. C, Satchel, Rev. M.M Chark",10-09-1844,traveling
"yardina, Rev. E, Cumberland, Rev. S. Pex.",10-09-1844,traveling
"‘Logan co, Rev. M ‘T’. Nusum,",10-09-1844,traveling
Hamilton. Rey. W. C Yaney.,10-09-1844,traveling
Massillon. Rev. J. Thomas.,10-09-1844,traveling
"Mr, Pleasant, Rev. W. Newmon.",10-09-1844,traveling
"Jackson co, Rev. ‘T. Woodson.",10-09-1844,traveling
"Cincinnati W W Watson, A M Sumner,W tl Yancy.",10-16-1844,local
"Hamilton, Butler co.—H Simpson.",10-16-1844,local
"Dayton, O..  T. Jefferson.",10-16-1844,local
"Spring field W. Piles,",10-16-1844,local
"Urbanu~-L Adams,",10-16-1844,local
"Chillicothe J Burnett, James Leach.",10-16-1844,local
(Circleville U Glasspy.G Stanup.,10-16-1844,local
"Lancaster S Smith N Smith,",10-16-1844,local
"Zunesville 1, Martin tl Nusum, W Gasaway",10-16-1844,local
"Hillsboro J Tailor, N ‘Tailor.",10-16-1844,local
"Warren, Trumble co-—A Day",10-16-1844,local
Steubenville W Ferris.,10-16-1844,local
"Newark—W Jenkins, G W Roots",10-16-1844,local
"Cleveland J Bell J L Watson, R Robertsou.",10-16-1844,local
"Dublin S White, jr.",10-16-1844,local
Xenia W Roberts.,10-16-1844,local
"Logan County--D. D. Day, K Artis, jr.",10-16-1844,local
Mt. Vernon--O Martin.,10-16-1844,local
Trefiton Jefferson co.—J Simpson.,10-16-1844,local
Mt. Pleat Ehjait Sawyer.,10-16-1844,local
"Warren—A Moore,",10-16-1844,local
"Gallipolis—Il W Bell, J Gee,",10-16-1844,local
"Jackson—N Nukes, T Woodson.",10-16-1844,local
"Lebanon—T Benford. I. 8. Lewis,",10-16-1844,local
Massillon—J S Thompson.,10-16-1844,local
"Semmerton—A, Le Harper.",10-16-1844,local
"Oberlin—A Jones, J. M. Brown.",10-16-1844,local
Lower Sundusky A Winfield.,10-16-1844,local
Morgan county—\.loyd E Guy,10-16-1844,local
Putnum—J Thomas.,10-16-1844,local
"Terrchaute Tua—E, Roy,",10-16-1844,local
Lofayette Ia.—S B Websters,10-16-1844,local
Granville O. ‘I’ Wa'ker.,10-16-1844,local
Mudison Ila.—A Duncan.,10-16-1844,local
"(ndianopolis, Ia. J G Bretton.",10-16-1844,local
"Detroit, Mich.--R Banke, H Bibb.",10-16-1844,local
Piketon—-W Evans.,10-16-1844,local
"Richmond, Ross co. C Oston,",10-16-1844,local
"Sharonville--D Lucus, C Smith, W Poleon,",10-16-1844,local
"Miami co, 'T. Anderson, R. Smith.",10-16-1844,local
"Vanwertco. I, Taylor.",10-16-1844,local
Shelby co. U-Gulloway A N Redmon,10-16-1844,local
Champaign co. D. Lancaster.,10-16-1844,local
"Crawford co, A, Allen.",10-16-1844,local
"|New Albany, Ind.—G W Carter,",10-16-1844,local
| Wercer co. Rev. S Jones,10-16-1844,local
Licking co. F J Bailes,10-16-1844,local
| Wadison co. C Lewis,10-16-1844,local
"Grrenfield.— A. .J Scot,",10-16-1844,local
"liverpool, Eny.—itl E.R Lewis.",10-16-1844,local
"Lirerpool. Englaund—F. R Lewis,",10-16-1844,local
"Cincinnati, Rev. C, Satchel, Rev. M. M.Clavk",10-16-1844,traveling
"sardina, Rev, E, Cumberland, Rev. S, ox |",10-16-1844,traveling
"Logan co, Rev. M 'T, Nusum,",10-16-1844,traveling
"Himilton. Rev. W. C Yancy,",10-16-1844,traveling
"Massillon, Rev. Je Thomas.",10-16-1844,traveling
"Wt, Pleasant, Kev. W. Newmon,",10-16-1844,traveling
"Juckson ca, Rev. ‘Ve. Woodson.",10-16-1844,traveling
"Cincinnati “ W Watson, A M Sumer,PU Yarev",10-23-1844,local
"if. milton, Butler co—ll Simpson.",10-23-1844,local
"Dayton, O.. T. Jeffersen.",10-23-1844,local
"Spring field W. Piles,",10-23-1844,local
"Urbatti-L Acams,",10-23-1844,local
"‘Chillicothe J Burnett, James Leach.",10-23-1844,local
Wircleritle HW Glasspy. G Stanup.,10-23-1844,local
"Lancaster S Sunth N Smuth,",10-23-1844,local
"Zanesville 1. Marta Ui Nusum, W Gasaway",10-23-1844,local
"Hillsbero J Tailor, N ‘Tailor.",10-23-1844,local
"W arren, Trumble co-—A Day",10-23-1844,local
Steubenville W rerris.,10-23-1844,local
"Newark— W Jeukins, G W Roots",10-23-1844,local
"‘Clecclund J Bell J L Wateen, R Robertson.",10-23-1844,local
"\Dabtin S White, jr.",10-23-1844,local
\VYenia W_ Roberts.,10-23-1844,local
"\Ldfan County--D. D. Day. K Artis, jr.",10-23-1844,local
Mt. Vernon—O tin.,10-23-1844,local
| Trenton Jcffirson’co.—J Simpson.,10-23-1844,local
\Mt. Pleasant--Ulijah Sawyer.,10-23-1844,local
Warren—A Moore.,10-23-1844,local
"Gallipolis—U W Well, J Gee,",10-23-1844,local
"\Juckson—-N Nukes, T Wooceon,",10-23-1844,local
"| Lebanon—'T Benford. I. S. Lewis,",10-23-1844,local
‘Massillon—J ST homps on.,10-23-1844,local
Recent. L+ Harper.,10-23-1844,local
"\Oberlin—A Jones, J. M. Brown.",10-23-1844,local
‘Lower Sandusky A Winfield.,10-23-1844,local
Morgan county—Lioyd E Guy,10-23-1844,local
"Putnum—J Thomas,",10-23-1844,local
"Terrchaute Iu—E, Roy, 4",10-23-1844,local
"Lu fayette lu—S B W ebster,",10-23-1844,local
Granville Q. ‘T Wa'ker.,10-23-1844,local
"Mudison la.—A Duncan,",10-23-1844,local
"Indianopolis, Ia. JG Bretton.",10-23-1844,local
"Detroit, Mich.--R Banks, H Bibb.",10-23-1844,local
"Piketon--W Evans,",10-23-1844,local
"Richmond, Ross co. C Oston,",10-23-1844,local
"Shuronville--D Lucue, C Smith, W Polson.",10-23-1844,local
"Miami co, ‘T. Anderson, R. Smith.",10-23-1844,local
"Vanwertco. Wl, Taylor.",10-23-1844,local
Shelby co. H Gulloway A N Redmon,10-23-1844,local
Champaign co. D. Lancaster.,10-23-1844,local
"Craicford co. A, Allen.",10-23-1844,local
"|New Albany, Ind.—G W Carter.",10-23-1844,local
\Mercer co. Rev. 3 Jones,10-23-1844,local
Licking co. F J Bailes,10-23-1844,local
Madison co. C Lewis,10-23-1844,local
Greenfield.— A. .J Scot.,10-23-1844,local
"Liverpool, Eny.—Ul. E.R Lewis.",10-23-1844,local
"Lirerpool, England—E. R Lewis,",10-23-1844,local
"Cincinnati, Rev. C, Sutchel, Rev. M. M Clark",10-23-1844,traveling
"warding, Rev. E, Cumberland, Rev. S. Pex.",10-23-1844,traveling
"Logan co, Rev. MT, Nusum,",10-23-1844,traveling
Hamilton. Rey. W. C Yaucy.,10-23-1844,traveling
Massillon. Rev. J. Thomas.,10-23-1844,traveling
"Mi, Pleasant. Rev. W. Newmon,",10-23-1844,traveling
ackson co. Rev. T. Woodson.,10-23-1844,traveling
"Cincinnati W W Watson, A M Sumer,W IE Yancy.",11-13-1844,local
"Homilton, Butler co.—}i Simpson.",11-13-1844,local
"Dayton, O.. T. Jefferson.",11-13-1844,local
"Springfield W. Piles,",11-13-1844,local
"Urbana-~-L Adame,",11-13-1844,local
"Chillicothe B, Cozens, James Leach.",11-13-1844,local
"Circleville H Glasspy, G-Stanup.",11-13-1844,local
"Lancaster S Smith N Smith,",11-13-1844,local
"Zanesville 1. Martin [1 Nusum, W Gasaway",11-13-1844,local
"Hillsboro J Tailor, N ‘lailor,",11-13-1844,local
"Warren, Trumble co-—A4 Day",11-13-1844,local
Steubenville W = Ferris.,11-13-1844,local
"Newark—\W Jenkins, G W Roots",11-13-1844,local
"Cleveland J Bell JL Watson, R Robertson,",11-13-1844,local
"Dublin S White, a0:",11-13-1844,local
Xenia W Roberta.,11-13-1844,local
"Logan County--D, D. Day. K Artis, jr,",11-13-1844,local
Mt. Vegnon--O Martin. —,11-13-1844,local
"Trenton, Jeffirson co.~ impson,",11-13-1844,local
"Me. Pleasant-~Elijah awyer,",11-13-1844,local
Warren—A Moore.,11-13-1844,local
"Gallipolis—I1 \W Bell, J Gee,",11-13-1844,local
"Jackson—N Nukes, T Woodson,",11-13-1844,local
"\Lebanon—'l’ Benford. by. S. Lewis,",11-13-1844,local
Massillon—J § Thompson.,11-13-1844,local
"Summerton—A, Le Harper.",11-13-1844,local
"Oberlin—A Jones, J. M. Brown.",11-13-1844,local
Lower Sandusky. A Winfield.,11-13-1844,local
Morgan county—Lloyd*E Guy,11-13-1844,local
Putnum—J Vhomas.,11-13-1844,local
"Terrchaute Ia—E. Roy, 4",11-13-1844,local
"Lafayette la—§ B Webster, .",11-13-1844,local
Granville O. ‘T Wa!ker.,11-13-1844,local
Madison la—A Duncan.,11-13-1844,local
"Indianopolis, Ia. J G Bretton.",11-13-1844,local
"Detroit, Mich.--R Banks, H Bibb.",11-13-1844,local
Piketon--W Evans.,11-13-1844,local
"Richmond, Ross co. C Oston,",11-13-1844,local
"Sharonvillc--) Lucus, C Smith, W Paulson.",11-13-1844,local
"Miami co. Anderson, R. Smith.",11-13-1844,local
"Vanwert co. I, Taylor,",11-13-1844,local
Shelby co. I] Gulloway A N Redmon,11-13-1844,local
"Champaign co. D, Lancaster.",11-13-1844,local
"Crawford co, A, Allen.",11-13-1844,local
"New Albany, Ind.—G Ww Carter,",11-13-1844,local
Mercer co. Rev. § Jones,11-13-1844,local
|Licking co. FJ Bailes,11-13-1844,local
"Madison co, C Lewis",11-13-1844,local
"Greenficld.—A, .J Scot.",11-13-1844,local
"Liverpoal, Euy.—[] E. R Lewis.",11-13-1844,local
"Liverpool, Englund—§ R Lewis.",11-13-1844,local
"Cincinnati, Rev. C. Satchel, Rev. MM Clark",11-13-1844,traveling
"Wardina, Rev, §. Cumberland, Rev. &. l'ex.",11-13-1844,traveling
"Loganco, Rev. MT’, Nusum,",11-13-1844,traveling
"Himilton. Rev. W. C Yancy,",11-13-1844,traveling
"Mt, Pleasant, Rey. W. New mon,",11-13-1844,traveling
"East Libery. E. C, Tyner,",11-13-1844,traveling
"Wilmington Clinton, co.,S. Depp,",11-13-1844,traveling
,,
 ,,
